A04.71,A04.7
A04.72,A04.7
A41.54,A41.59
A79.82,A77.49
A84.81,A84.8
A84.89,A84.8
A92.5,A92.8
B37.31,B37.3
B37.32,B37.3
B60.00,B60.0
B60.01,B60.0
B60.02,B60.0
B60.03,B60.0
B60.09,B60.0
B96.83,B96.89
C43.111,C43.11
C43.112,C43.11
C43.121,C43.12
C43.122,C43.12
C4A.111,C4A.11
C4A.112,C4A.11
C4A.121,C4A.12
C4A.122,C4A.12
C44.1021,C44.102
C44.1022,C44.102
C44.1091,C44.109
C44.1092,C44.109
C44.1121  ,C44.112
C44.1122,C44.112
C44.1191  ,C44.119
C44.1192,C44.119
C44.1221,C44.122
C44.1222 ,C44.122
C44.1291,C44.129
C44.1292,C44.129
C44.131,C44.19
C44.1321,C44.19
C44.1322,C44.19
C44.1391,C44.19
C44.1392,C44.19
C44.1921,C44.192
C44.1922,C44.192
C44.1991,C44.199
C44.1992,C44.199
C49.A0,C49.4
C49.A1,C16.0
C49.A2,C16.9
C49.A3,C49.4
C49.A4,C49.4
C49.A5,C49.4
C49.A9,C49.6
C56.3,C56.1 and C56.2
C79.63,C79.61 and C79.62
C84.7A,C84.79
C96.20,C96.2
C96.21,C96.2
C96.22,C96.2
C96.29,C96.2
D03.111,D03.11
D03.112,D03.11
D03.121,D03.12
D03.122,D03.12
D04.111,D04.11
D04.112,D04.11
D04.121,D04.12
D04.122,D04.12
D13.91,D13.9
D13.99,D13.9
D22.111,D22.11
D22.112,D22.11
D22.121,D22.12
D22.122,D22.12
D23.111,D23.11
D23.112,D23.11
D23.121,D23.12
D23.122,D23.12
D48.110,D48.1
D48.111,D48.1
D48.112,D48.1
D48.113,D48.1
D48.114,D48.1
D48.115,D48.1
D48.116,D48.1
D48.117,D48.1
D48.118,D48.1
D48.119,D48.1
D48.19,D48.1
D47.01,D47.0
D47.02,D47.0
D47.09,D47.0
D47.Z2,D47.9
D49.511,D49.5
D49.512,D49.5
D49.519,D49.5
D49.59,D49.5
D55.21,D55.2
D55.29,D55.2
D57.03,D57.00
D57.09,D57.00
D57.213,D57.219
D57.218,D57.219
D57.413,D57.419
D57.418,D57.419
D57.42,D57.40
D57.431,D57.419
D57.432,D57.419
D57.433,D57.419
D57.438,D57.419
D57.439,D57.419
D57.44,D57.40
D57.451,D57.419
D57.452,D57.419
D57.453,D57.419
D57.458,D57.419
D57.459,D57.419
D57.813,D57.819
D57.818,D57.819
D57.04,D57.09
D57.214,D57.218
D57.414,D57.418
D57.434,D57.438
D57.454 ,D57.458
D57.814,D57.818
D59.10,D59.1
D59.11,D59.1
D59.12,D59.1
D59.13,D59.1
D59.19,D59.1
D59.30,D59.3
D59.31,D59.3
D59.32,D59.3
D59.39,D59.3
D61.02,D61.09
D68.00 ,D68.0
D68.01 ,D68.0
D68.020 ,D68.0
D68.021 ,D68.0
D68.022 ,D68.0
D68.023 ,D68.0
D68.029 ,D68.0
D68.03 ,D68.0
D68.04 ,D68.0
D68.09 ,D68.0
D72.10,D72.1
D72.110,D72.1
D72.111,D72.1
D72.118,D72.1
D72.119,D72.1
D72.12,D72.1
D72.18,D72.1
D72.19,D72.1
D75.821,D75.82
D75.822,D75.82
D75.828,D75.82
D75.829,D75.82
D75.838,D75.89
D75.839,D75.89
D75.84,D75.89
D75.A,D55.0
D78.31,D78.21
D78.32,D78.22
D78.33,D78.21
D78.34,D78.22
D81.30,D81.3
D81.31,D81.3
D81.32,D81.3
D81.39,D81.3
D81.82,D81.89
D84.81,D84.8
D84.821,D84.8
D84.822,D84.8
D84.89,D84.8
D89.40,D89.89
D89.41,D89.89
D89.42,D89.89
D89.43,D89.89
D89.44,D89.49
D89.49,D89.89
D89.831,D89.89
D89.832,D89.89
D89.833,D89.89
D89.834,D89.89
D89.835,D89.89
D89.839,D89.89
D89.84,D89.89
E08.3211,E08.321
E08.3212,E08.321
E08.3213,E08.321
E08.3219,E08.321
E08.3291,E08.329
E08.3292,E08.329
E08.3293,E08.329
E08.3299,E08.329
E08.3311,E08.331
E08.3312,E08.331
E08.3313,E08.331
E08.3319,E08.331
E08.3391,E08.339
E08.3392,E08.339
E08.3393,E08.339
E08.3399,E08.339
E08.3411,E08.341
E08.3412,E08.341
E08.3413,E08.341
E08.3419,E08.341
E08.3491,E08.349
E08.3492,E08.349
E08.3493,E08.349
E08.3499,E08.349
E08.3511,E08.351
E08.3512,E08.351
E08.3513,E08.351
E08.3519,E08.351
E08.3521,E08.351
E08.3522,E08.351
E08.3523,E08.351
E08.3529,E08.351
E08.3531,E08.351
E08.3532,E08.351
E08.3533,E08.351
E08.3539,E08.351
E08.3541,E08.351
E08.3542,E08.351
E08.3543,E08.351
E08.3549,E08.351
E08.3551,E08.351
E08.3552,E08.351
E08.3553,E08.351
E08.3559,E08.351
E08.3591,E08.359
E08.3592,E08.359
E08.3593,E08.359
E08.3599,E08.359
E08.37X1,E08.311
E08.37X2,E08.311
E08.37X3,E08.311
E08.37X9,E08.311
E09.3211,E09.321
E09.3212,E09.321
E09.3213,E09.321
E09.3219,E09.321
E09.3291,E09.329
E09.3292,E09.329
E09.3293,E09.329
E09.3299,E09.329
E09.3311,E09.331
E09.3312,E09.331
E09.3313,E09.331
E09.3319,E09.331
E09.3391,E09.339
E09.3392,E09.339
E09.3393,E09.339
E09.3399,E09.339
E09.3411,E09.341
E09.3412,E09.341
E09.3413,E09.341
E09.3419,E09.341
E09.3491,E09.349
E09.3492,E09.349
E09.3493,E09.349
E09.3499,E09.349
E09.3511,E09.351
E09.3512,E09.351
E09.3513,E09.351
E09.3519,E09.351
E09.3521,E09.351
E09.3522,E09.351
E09.3523,E09.351
E09.3529,E09.351
E09.3531,E09.351
E09.3532,E09.351
E09.3533,E09.351
E09.3539,E09.351
E09.3541,E09.351
E09.3542,E09.351
E09.3543,E09.351
E09.3549,E09.351
E09.3551,E09.351
E09.3552,E09.351
E09.3553,E09.351
E09.3559,E09.351
E09.3591,E09.359
E09.3592,E09.359
E09.3593,E09.359
E09.3599,E09.359
E09.37X1,E09.311
E09.37X2,E09.311
E09.37X3,E09.311
E09.37X9,E09.311
E10.3211,E10.321
E10.3212,E10.321
E10.3213,E10.321
E10.3219,E10.321
E10.3291,E10.329
E10.3292,E10.329
E10.3293,E10.329
E10.3299,E10.329
E10.3311,E10.331
E10.3312,E10.331
E10.3313,E10.331
E10.3319,E10.331
E10.3391,E10.339
E10.3392,E10.339
E10.3393,E10.339
E10.3399,E10.339
E10.3411,E10.341
E10.3412,E10.341
E10.3413,E10.341
E10.3419,E10.341
E10.3491,E10.349
E10.3492,E10.349
E10.3493,E10.349
E10.3499,E10.349
E10.3511,E10.351
E10.3512,E10.351
E10.3513,E10.351
E10.3519,E10.351
E10.3521,E10.351
E10.3522,E10.351
E10.3523,E10.351
E10.3529,E10.351
E10.3531,E10.351
E10.3532,E10.351
E10.3533,E10.351
E10.3539,E10.351
E10.3541,E10.351
E10.3542,E10.351
E10.3543,E10.351
E10.3549,E10.351
E10.3551,E10.351
E10.3552,E10.351
E10.3553,E10.351
E10.3559,E10.351
E10.3591,E10.359
E10.3592,E10.359
E10.3593,E10.359
E10.3599,E10.359
E10.37X1,E10.311
E10.37X2,E10.311
E10.37X3,E10.311
E10.37X9,E10.311
E11.10,E11.69
E11.11,E11.69 and R40.20
E11.3211,E11.321
E11.3212,E11.321
E11.3213,E11.321
E11.3219,E11.321
E11.3291,E11.329
E11.3292,E11.329
E11.3293,E11.329
E11.3299,E11.329
E11.3311,E11.331
E11.3312,E11.331
E11.3313,E11.331
E11.3319,E11.331
E11.3391,E11.339
E11.3392,E11.339
E11.3393,E11.339
E11.3399,E11.339
E11.3411,E11.341
E11.3412,E11.341
E11.3413,E11.341
E11.3419,E11.341
E11.3491,E11.349
E11.3492,E11.349
E11.3493,E11.349
E11.3499,E11.349
E11.3511,E11.351
E11.3512,E11.351
E11.3513,E11.351
E11.3519,E11.351
E11.3521,E11.351
E11.3522,E11.351
E11.3523,E11.351
E11.3529,E11.351
E11.3531,E11.351
E11.3532,E11.351
E11.3533,E11.351
E11.3539,E11.351
E11.3541,E11.351
E11.3542,E11.351
E11.3543,E11.351
E11.3549,E11.351
E11.3551,E11.351
E11.3552,E11.351
E11.3553,E11.351
E11.3559,E11.351
E11.3591,E11.359
E11.3592,E11.359
E11.3593,E11.359
E11.3599,E11.359
E11.37X2,E11.311
E11.37X3,E11.311
E11.37X9,E11.311
E11.3X11,E11.311
E13.3211,E13.321
E13.3212,E13.321
E13.3213,E13.321
E13.3219,E13.321
E13.3291,E13.329
E13.3292,E13.329
E13.3293,E13.329
E13.3299,E13.329
E13.3311,E13.331
E13.3312,E13.331
E13.3313,E13.331
E13.3319,E13.331
E13.3391,E13.339
E13.3392,E13.339
E13.3393,E13.339
E13.3399,E13.339
E13.3411,E13.341
E13.3412,E13.341
E13.3413,E13.341
E13.3419,E13.341
E13.3491,E13.349
E13.3492,E13.349
E13.3493,E13.349
E13.3499,E13.349
E13.3511,E13.351
E13.3512,E13.351
E13.3513,E13.351
E13.3519,E13.351
E13.3521,E13.351
E13.3522,E13.351
E13.3523,E13.351
E13.3529,E13.351
E13.3531,E13.351
E13.3532,E13.351
E13.3533,E13.351
E13.3539,E13.351
E13.3541,E13.351
E13.3542,E13.351
E13.3543,E13.351
E13.3549,E13.351
E13.3551,E13.351
E13.3552,E13.351
E13.3553,E13.351
E13.3559,E13.351
E13.3591,E13.359
E13.3592,E13.359
E13.3593,E13.359
E13.3599,E13.359
E13.37X1,E13.311
E13.37X2,E13.311
E13.37X3,E13.311
E13.37X9,E13.311
E20.810,E20.8
E20.811,E20.8
E20.812,E20.8
E20.818,E20.8
E20.819,E20.8
E20.89,E20.8
E34.30,E34.3
E34.31,E34.3
E34.321,E34.3
E34.322,E34.3
E34.328,E34.3
E34.329,E34.3
E34.39,E34.3
E70.81,E70.8
E70.89,E70.8
E72.81,E72.8
E72.89,E72.8
E74.05,E74.09
E74.810,E74.8
E74.818,E74.8
E74.819,E74.8
E74.89,E74.8
E75.244,"E75.240
E75.26,E75.29
E75.27,E75.29
E75.28,E75.29
E78.00,E78.0
E78.01,E78.0
E78.41,E78.4
E78.49,E78.4
E79.81,E79.8
E79.82,E79.8
E79.89,E79.8
E85.81,E85.8
E85.82,E85.8
E85.89,E85.8
E87.20,E87.2
E87.21,E87.2
E87.22,E87.2
E87.29,E87.2
E88.02,E88.09
E88.43,E88.49
E88.810,E88.81
E88.811,E88.81
E88.818,E88.81
E88.819,E88.81
E88.A,R64
E89.820,E89.810
E89.821,E89.811
E89.822,E89.810
E89.823,E89.811
F01.511,F01.51
F01.518,F01.51
F01.52,F01.51
F01.53,F01.51
F01.54,F01.51
F01.A0,F01.50
F01.A11,F01.51
F01.A18,F01.51
F01.A2,F01.51
F01.A3,F01.51
F01.A4,F01.51
F01.B0,F01.50
F01.B11,F01.51
F01.B18,F01.51
F01.B2,F01.51
F01.B3,F01.51
F01.B4,F01.51
F01.C0,F01.50
F01.C11,F01.51
F01.C18,F01.51
F01.C2,F01.51
F01.C3,F01.51
F01.C4,F01.51
F02.811,F02.81
F02.818,F02.81
F02.82,F02.81
F02.83,F02.81
F02.84,F02.81
F02.A0,F02.80
F02.A11,F02.81
F02.A18,F02.81
F02.A2,F02.81
F02.A3,F02.81
F02.A4,F02.81
F02.B0,F02.80
F02.B11,F02.81
F02.B18,F02.81
F02.B2,F02.81
F02.B3,F02.81
F02.B4,F02.81
F02.C0,F02.80
F02.C11,F02.81
F02.C18,F02.81
F02.C2,F02.81
F02.C3,F02.81
F02.C4,F02.81
F03.911,F03.91
F03.918,F03.91
F03.92,F03.91
F03.93,F03.91
F03.94,F03.91
F03.A0,F03.90
F03.A11,F03.91
F03.A18,F03.91
F03.A2,F03.91
F03.A3,F03.91
F03.A4,F03.91
F03.B0,F03.90
F03.B11,F03.91
F03.B18,F03.91
F03.B2,F03.91
F03.B3,F03.91
F03.B4,F03.91
F03.C0,F03.90
F03.C11,F03.91
F03.C18,F03.91
F03.C2,F03.91
F03.C3,F03.91
F03.C4,F03.91
F06.70,G31.84
F06.71,G31.84
F10.11,F10.10
F10.130,F10.188
F10.131,F10.188
F10.132,F10.188
F10.139,F10.188
F10.90,Z72.89
F10.91,Z72.89
F10.930,F10.988
F10.931,F10.988
F10.932,F10.988
F10.939,F10.988
F11.11,F11.10
F11.13,F11.988
F11.91 ,F11.90
F12.11,F12.10
F12.13,F12.988
F12.23,F12.288
F12.91,F12.90
F12.93,F12.988
F13.11,F13.10
F13.130,F13.988
F13.131,F13.988
F13.132,F13.988
F13.139,F13.988
F13.91,F13.90
F14.11,F14.10
F14.13,F14.188
F14.91,F14.90
F14.93,F14.988
F15.11,F15.10
F15.13,F15.188
F15.91,F15.90
F16.11,F16.10
F16.91,F16.90
F18.11,F18.10
F18.91,F18.90
F19.11,F19.10
F19.130,F19.188
F19.131,F19.188
F19.132,F19.188
F19.139,F19.188
F19.91,F19.90
F32.81,F32.8
F32.89,F32.8
F32.A,F32.9
F34.81,F34.8
F34.89,F34.8
F42.2,F42
F42.3,F42
F42.4,L98.1
F42.8,F42
F42.9,F42
F43.81,F43.8
F43.89,F43.8
F50.81,F50.8
F50.82,F50.89
F50.89,F50.8
F53.0,F53
F53.1,F53
F64.0,F64.1
F68.A ,F68.10
F78.A1,F78
F78.A9,F78
F80.82,F80.89
G04.82,G04.89
G11.10,G11.1
G11.11,G11.1
G11.19,G11.1
G11.5,G11.8 and E23.0 and K00.0
G11.6,G11.8
G12.23,G12.29
G12.24,G12.29
G12.25,G12.21
G20.A1,G20
G20.A2,G20
G20.B1,G20
G20.B2,G20
G20.C,G20
G23.3,G23.8
G31.80,G31.89
G31.86,G31.89
G37.81,G37.8
G37.89,G37.8
G40.42,G40.89
G40.833,G40.803
G40.834,G40.804
G40.C01 ,G40.301
G40.C09 ,G40.309
G40.C11 ,G40.311
G40.C19 ,G40.319
G43.E01,G43.801
G43.E09,G43.809
G43.E11,G43.811
G43.E19,G43.819
G44.86,G44.89
G51.31,G51.3
G51.32,G51.3
G51.33,G51.3
G51.39,G51.3
G56.03,G56.01 and G56.02
G56.13,G56.11 and G56.12
G56.23,G56.21 and G56.22
G56.33,G56.31 and G56.32
G56.43,G56.41 and G56.42
G56.83,G56.81 and G56.82
G56.93,G56.91 and G56.92
G57.03,G57.01 and G57.02
G57.13,G57.11 and G57.12
G57.23,G57.21 and G57.22
G57.33,G57.31 and G57.32
G57.43,G57.41 and G57.42
G57.53,G57.51 and G57.52
G57.63,G57.61 and G57.62
G57.73,G57.71 and G57.72
G57.83,G57.81 and G57.82
G57.93,G57.91 and G57.92
G61.82,G61.89
G71.00,G71.0
G71.01,G71.0
G71.02,G71.0
G71.031,G71.09
G71.032,G71.09
G71.033,G71.09
G71.0340,G71.09
G71.0341,G71.09
G71.0342,G71.09
G71.0349,G71.09
G71.035,G71.09
G71.038,G71.09
G71.039,G71.09
G71.09,G71.0
G71.20,G71.2
G71.21,G71.2
G71.220,G71.2
G71.228,G71.2
G71.29,G71.2
G90.A,I49.8
G90.B,G90.8
G92.00,G92
G92.01,G92
G92.02,G92
G92.03,G92
G92.04,G92
G92.05,G92
G92.8,G92
G92.9,G92
G93.31,G93.3
G93.32,G93.3; R53.82
G93.39,G93.3
G93.42,G93.49
G93.43,G93.49
G93.44,G93.49
G96.00,G96.0
G96.01,G96.0
G96.02,G96.0
G96.08,G96.0
G96.09,G96.0
G96.191,G96.19
G96.198,G96.19
G96.810,G96.8
G96.811,G96.8
G96.819,G96.8
G96.89,G96.8
G97.61,G97.51
G97.62,G97.52
G97.63,G97.51
G97.64,G97.52
G97.83,G97.82
G97.84,G97.82
H01.00A,H01.001 and H01.002
H01.00B,H01.004 and H01.005
H01.01A,H01.011 and H01.012
H01.01B,H01.014 and H01.015
H01.02A,H01.021 and H01.022
H01.02B,H01.024 and H01.025
H02.151,H02.101-H02.106; H02.109
H02.152,H02.101-H02.106; H02.109
H02.153,H02.101-H02.106; H02.109
H02.154,H02.101-H02.106; H02.109
H02.155,H02.101-H02.106; H02.109
H02.156,H02.101-H02.106; H02.109
H02.159,H02.101-H02.106; H02.109
H02.20A,H02.201 and H02.202
H02.20B,H02.204 and H02.205
H02.20C,"H02.201
H02.21A,H02.211 and H02.212
H02.21B,H02.214 and H02.215
H02.21C,"H02.211
H02.22A,H02.221 and H02.222
H02.22B,H02.224 and H02.225
H02.22C,"H02.221
H02.23A,H02.231 and H02.232
H02.23B,H02.234 and H02.235
H02.23C,"H02.231
H02.881,H02.89
H02.882,H02.89
H02.883,H02.89
H02.884,H02.89
H02.885 ,H02.89
H02.886,H02.89
H02.889 ,H02.89
H02.88A,H02.89
H02.88B,H02.89
H10.821,H10.89
H10.822,H10.89
H10.823,H10.89
H10.829,H10.89
H18.501,H18.50
H18.502,H18.50
H18.503,H18.50
H18.509,H18.50
H18.511,H18.51
H18.512,H18.51
H18.513,H18.51
H18.519,H18.51
H18.521,H18.52
H18.522,H18.52
H18.523,H18.52
H18.529,H18.52
H18.531,H18.53
H18.532,H18.53
H18.533,H18.53
H18.539,H18.53
H18.541,H18.54
H18.542,H18.54
H18.543,H18.54
H18.549,H18.54
H18.551,H18.55
H18.552,H18.55
H18.553,H18.55
H18.559,H18.55
H18.591,H18.59
H18.592,H18.59
H18.593,H18.59
H18.599,H18.59
H34.8110,H34.811
H34.8111,H34.811
H34.8112,H34.811
H34.8120,H34.812
H34.8121,H34.812
H34.8122,H34.812
H34.8130,H34.813
H34.8131,H34.813
H34.8132,H34.813
H34.8190,H34.819
H34.8191,H34.819
H34.8192,H34.819
H34.8310,H34.831
H34.8311,H34.831
H34.8312,H34.831
H34.8320,H34.832
H34.8321,H34.832
H34.8322,H34.832
H34.8330,H34.833
H34.8331,H34.833
H34.8332,H34.833
H34.8390,H34.839
H34.8391,H34.839
H34.8392,H34.839
H35.3110,H35.31
H35.3111,H35.31
H35.3112,H35.31
H35.3113,H35.31
H35.3114,H35.31
H35.3120,H35.31
H35.3121,H35.31
H35.3122,H35.31
H35.3123,H35.31
H35.3124,H35.31
H35.3130,H35.31
H35.3131,H35.31
H35.3132,H35.31
H35.3133,H35.31
H35.3134,H35.31
H35.3190,H35.31
H35.3191,H35.31
H35.3192,H35.31
H35.3193,H35.31
H35.3194,H35.31
H35.3210,H35.32
H35.3211,H35.32
H35.3212,H35.32
H35.3213,H35.32
H35.3220,H35.32
H35.3221,H35.32
H35.3222,H35.32
H35.3223,H35.32
H35.3230,H35.32
H35.3231,H35.32
H35.3232,H35.32
H35.3233,H35.32
H35.3290,H35.32
H35.3291,H35.32
H35.3292,H35.32
H35.3293,H35.32
H36.811,H35.20-H35.23
H36.812,H35.20-H35.23
H36.813,H35.20-H35.23
H36.819,H35.20-H35.23
H36.821,H35.20-H35.23
H36.822 ,H35.20-H35.23
H36.823,H35.20-H35.23
H36.829,H35.20-H35.23
H36.89,H35.20-H35.23
H40.1110,H40.11X0
H40.1111,H40.11X1
H40.1112,H40.11X2
H40.1113,H40.11X3
H40.1114,H40.11X4
H40.1120,H40.11X0
H40.1121,H40.11X1
H40.1122,H40.11X2
H40.1123,H40.11X3
H40.1124,H40.11X4
H40.1130,H40.11X0
H40.1131,H40.11X1
H40.1132,H40.11X2
H40.1133,H40.11X3
H40.1134,H40.11X4
H40.1190,H40.11X0
H40.1191,H40.11X1
H40.1192,H40.11X2
H40.1193,H40.11X3
H40.1194,H40.11X4
H44.2A1,H44.20-H44.23 and H35.051-H35.059
H44.2A2,H44.20-H44.23 and H35.051-H35.059
H44.2A3,H44.20-H44.23 and H35.051-H35.059
H44.2A9,H44.20-H44.23 and H35.051-H35.059
H44.2B1,H44.20-H44.23 and H35.30
H44.2B2,H44.20-H44.23 and H35.30
H44.2B3,H44.20-H44.23 and H35.30
H44.2B9,H44.20-H44.23 and H35.30
H44.2C1,H44.20-H44.23 and H33.2
H44.2C2,H44.20-H44.23 and H33.2
H44.2C3,H44.20-H44.23 and H33.2
H44.2C9,H44.20-H44.23 and H33.2
H44.2D1,H44.20-H44.23
H44.2D2,H44.20-H44.23
H44.2D3,H44.20-H44.23
H44.2D9,H44.20-H44.23
H44.2E1,H44.20-H44.23
H44.2E2,H44.20-H44.23
H44.2E3,H44.20-H44.23
H44.2E9,H44.20-H44.23
H50.621,H50.69
H50.622,H50.69
H50.629,H50.69
H50.631,H50.69
H50.632,H50.69
H50.639,H50.69
H50.641,H50.69
H50.642,H50.69
H50.649,H50.69
H50.651,H50.69
H50.652,H50.69
H50.659,H50.69
H50.661,H50.69
H50.662,H50.69
H50.669,H50.69
H50.671,H50.69
H50.672,H50.69
H50.679,H50.69
H50.681,H50.69
H50.682,H50.69
H50.689,H50.69
H53.041,H53.001
H53.042,H53.002
H53.043,H53.003
H53.049,H53.009
H54.0X33,H54.0
H54.0X34,H54.0
H54.0X35,H54.0
H54.0X43,H54.0
H54.0X44,H54.0
H54.0X45,H54.0
H54.0X53,H54.0
H54.0X54,H54.0
H54.0X55,H54.0
H54.1131,H54.11
H54.1132,H54.11
H54.1141,H54.11
H54.1142,H54.11
H54.1151,H54.11
H54.1152,H54.11
H54.1213,H54.12
H54.1214,H54.12
H54.1215,H54.12
H54.1223,H54.12
H54.1224,H54.12
H54.1225,H54.12
H54.2X11,H54.2
H54.2X12,H54.2
H54.2X21,H54.2
H54.2X22,H54.2
H54.413A,H54.41
H54.414A,H54.41
H54.415A,H54.41
H54.42A3,H54.42
H54.42A4,H54.42
H54.42A5,H54.42
H54.511A,H54.51
H54.512A,H54.51
H54.52A1,H54.52
H54.52A2,H54.52
H55.82,H55.89
H57.811,H57.8
H57.812,H57.8
H57.813,H57.8
H57.819,H57.8
H57.89,H57.8
H57.8A1,H57.89
H57.8A2,H57.89
H57.8A3,H57.89
H57.8A9,H57.89
H59.331,H59.311
H59.332,H59.312
H59.333,H59.313
H59.339,H59.319
H59.341,H59.321
H59.342,H59.322
H59.343,H59.323
H59.349,H59.329
H59.351,H59.311
H59.352,H59.312
H59.353,H59.313
H59.359,H59.319
H59.361,H59.321
H59.362,H59.322
H59.363,H59.323
H59.369,H59.329
H81.4,H81.41-H81.43; H81.49
H90.A11,H90.2
H90.A12,H90.2
H90.A21,H90.5
H90.A22,H90.5
H90.A31,H90.8
H90.A32,H90.8
H93.A1 ,H93.11
H93.A2 ,H93.12
H93.A3 ,H93.13
H93.A9,H93.19
H95.51,H95.41
H95.52,H95.42
H95.53,H95.41
H95.54,H95.42
I5A,I21.A9
I16.0,I10
I16.1,I10
I16.9,I10
I1A.0,I10-I15.9
I20.81,I20.8
I20.89,I20.8
I20.2 ,I20.0-I20.1; I20.8
I21.9,I21.3
I21.A1,I21.3
I21.A9,I21.3
I21.B,I21.A9
I24.81,I24.8
I24.89,I24.8
I25.112,I25.110-I25.111; I25.118
I25.702 ,I25.700-I25.701; I25.708
I25.712 ,I25.710-I25.711; I25.718
I25.722 ,I25.720-I25.721; I25.728
I25.732 ,I25.730-I25.731; I25.738
I25.752 ,I25.750-I25.751; I25.758
I25.762 ,I25.760-I25.761; I25.768
I25.792 ,I25.790-I25.791; I25.798
I25.85,I25.89
I26.93,I26.99
I26.94,I26.99
I27.20,I27.2
I27.21,I27.2
I27.22,I27.2
I27.23,I27.2
I27.24,I27.2
I27.29,I27.2
I27.83,I27.89
I31.31,I31.3
I31.39,I31.3
I34.81,I34.8
I34.89,I34.8
I47.10,I47.1
I47.11,I47.1
I47.19,I47.1
I47.20 ,I47.2
I47.21 ,I47.2
I47.29 ,I47.2
I48.11,I48.1
I48.19,I48.1
I48.20,I48.2
I48.21,I48.2
I50.810,I50.9
I50.811,I50.9
I50.812,I50.9
I50.813,I50.9
I50.814,I50.9
I50.82,I50.9
I50.83,I50.9
I50.84,I50.9
I50.89,I50.9
I60.2,I60.20-I60.22
I63.013,I63.011 AND I63.012
I63.033,I63.031 AND I63.032
I63.113,I63.111 AND I63.112
I63.133,I63.131 AND I63.132
I63.213,I63.211 AND I63.212
I63.233,I63.231 AND I63.232
I63.313,I63.311 AND I63.312
I63.323,I63.321 AND I63.322
I63.333,I63.331 AND I63.332
I63.413,I63.411 AND I63.412
I63.423,I63.421 AND I63.422
I63.433,I63.431 AND I63.432
I63.513,I63.511 AND I63.512
I63.523,I63.521 AND I63.522
I63.533,I63.531 AND I63.532
I63.543,I63.541 AND I63.542
I63.81,I63.8
I63.89,I63.8
I67.850,I67.89
I67.858,I67.89
I69.010,I69.01
I69.011,I69.01
I69.012,I69.01
I69.013,I69.01
I69.014,I69.01
I69.015,I69.01
I69.018,I69.01
I69.019,I69.01
I69.110,I69.11
I69.111,I69.11
I69.112,I69.11
I69.113,I69.11
I69.114,I69.11
I69.115,I69.11
I69.118,I69.11
I69.119,I69.11
I69.210,I69.21
I69.211,I69.21
I69.212,I69.21
I69.213,I69.21
I69.214,I69.21
I69.215,I69.21
I69.218,I69.21
I69.219,I69.21
I69.310,I69.31
I69.311,I69.31
I69.312,I69.31
I69.313,I69.31
I69.314,I69.31
I69.315,I69.31
I69.318,I69.31
I69.319,I69.31
I69.810,I69.81
I69.811,I69.81
I69.812,I69.81
I69.813,I69.81
I69.814,I69.81
I69.815,I69.81
I69.818,I69.81
I69.819,I69.81
I69.910,I69.91
I69.911,I69.91
I69.912,I69.91
I69.913,I69.91
I69.914,I69.91
I69.915,I69.91
I69.918,I69.91
I69.919,I69.91
I71.010,I71.01
I71.011,I71.01
I71.012,I71.01
I71.019,I71.01
I71.10,I71.1
I71.11,I71.1
I71.12,I71.1
I71.13,I71.1
I71.20,I71.2
I71.21,I71.2
I71.22,I71.2
I71.23,I71.2
I71.30,I71.3
I71.31,I71.3
I71.32,I71.3
I71.33,I71.3
I71.40,I71.4
I71.41,I71.4
I71.42,I71.4
I71.43,I71.4
I71.50,I71.5
I71.51,I71.5
I71.52,I71.5
I71.60,I71.6
I71.61,I71.6
I71.62,I71.6
I72.5,I72.8
I72.6,I72.8
I77.70,I77.79
I77.75,I77.79
I77.76,I77.79
I77.77,I77.79
I77.82,I77.89
I80.241,I80.291
I80.242,I80.292
I80.243,I80.293
I80.249,I80.299
I80.251,I80.291
I80.252,I80.292
I80.253,I80.293
I80.259,I80.299
I82.451,I82.491
I82.452,I82.492
I82.453,I82.493
I82.459,I82.499
I82.461,I82.491
I82.462,I82.492
I82.463,I82.493
I82.469,I82.499
I82.551,I82.591
I82.552,I82.592
I82.553,I82.593
I82.559,I82.599
I82.561,I82.591
I82.562,I82.592
I82.563,I82.593
I82.569,I82.599
I97.620,I97.62
I97.621,I97.62
I97.622,I97.62
I97.630,I97.610
I97.631,I97.611
I97.638,I97.618
I97.640,I97.610
I97.641,I97.611
I97.648,I97.618
J12.82,J12.89
J15.61,J15.6
J15.69,J15.6
J44.81,J42
J44.89,J42
J4A.0,J44.0-J44.1; J44.9
J4A.8,J44.0-J44.1; J44.9
J4A.9,J44.0-J44.1; J44.9
J82.81,J82
J82.82,J82
J82.83,J82
J82.89,J82
J84.170,J84.17
J84.178,J84.17
J95.860,J95.830
J95.861,J95.831
J95.862,J95.830
J95.863,J95.831
J95.87,J95.89
J98.51,J98.5
J98.59,J98.5
K04.01,K04.0
K04.02,K04.0
K05.211,K05.21
K05.212,K05.21
K05.213,K05.21
K05.219,K05.21
K05.221,K05.22
K05.222,K05.22
K05.223,K05.22
K05.229,K05.22
K05.311,K05.31
K05.312,K05.31
K05.313,K05.31
K05.319,K05.31
K05.321,K05.32
K05.322,K05.32
K05.323,K05.32
K05.329,K05.32
K06.010,K06.0
K06.011,K06.0
K06.012,K06.0
K06.013,K06.0
K06.020,K06.0
K06.021,K06.0
K06.022,K06.0
K06.023,K06.0
K06.3,K06.8
K08.81,K08.8
K08.82,K08.8
K08.89,K08.8
K20.80,K20.8
K20.81,K20.8
K20.90,K20.9
K20.91,K20.9
K21.00,K21.0
K21.01,K21.0
K22.81,K22.8
K22.82,K22.8
K22.89,K22.8
K31.A0,K31.89
K31.A11,K31.89
K31.A12,K31.89
K31.A13,K31.89
K31.A14,K31.89
K31.A15,K31.89
K31.A19,K31.89
K31.A21,K31.89
K31.A22,K31.89
K31.A29,K31.89
K35.20,K35.2
K35.200,K35.20
K35.201,K35.20
K35.209,K35.20
K35.21,K35.2
K35.210,K35.21
K35.211,K35.21
K35.219,K35.21
K35.30,K35.3
K35.31,K35.3
K35.32,K35.3
K35.33,K35.3
K35.890,K35.89
K35.891,K35.89
K52.21,K52.2
K52.22,K52.2
K52.29,K52.2
K52.3,K52.9
K52.831,K52.89
K52.832,K52.89
K52.838,K52.89
K52.839,K52.89
K55.011,K55.0
K55.012,K55.0
K55.019,K55.0
K55.021,K55.0
K55.022,K55.0
K55.029,K55.0
K55.031,K55.0
K55.032,K55.0
K55.039,K55.0
K55.041,K55.0
K55.042,K55.0
K55.049,K55.0
K55.051,K55.0
K55.052,K55.0
K55.059,K55.0
K55.061,K55.0
K55.062,K55.0
K55.069,K55.0
K55.30,K55.8
K55.31,K55.8
K55.32,K55.8
K55.33,K55.8
K56.50,K56.5
K56.51,K56.5
K56.52,K56.5
K56.600,K56.60
K56.601,K56.60
K56.609,K56.60
K56.690,K56.69
K56.691,K56.69
K56.699,K56.69
K58.1,K58.9 AND K59.00
K58.2,K58.9
K58.8,K58.9
K59.03,K59.09 AND Code from categories T36-T50
K59.04,K59.09
K59.31,K59.3
K59.39,K59.3
K59.81,K59.8
K59.89,K59.8
K61.31,K61.3
K61.39,K61.3
K61.5,K61.3
K63.8211,K63.89
K63.8212,K63.89
K63.8219,K63.89
K63.822,K63.89
K63.829,K63.89
K68.2,K68.9
K68.3,K68.9
K74.00,K74.0
K74.01,K74.0
K74.02,K74.0
K76.82,K72.90-K72.91
K82.A1,K81.0
K82.A2,K82.2 and K81.9
K83.01,K83.0
K83.09,K83.0
K85.00,K85.0
K85.01,K85.0
K85.02,K85.0
K85.10,K85.1
K85.11,K85.1
K85.12,K85.1
K85.20,K85.2
K85.21,K85.2
K85.22,K85.2
K85.30,K85.3
K85.31,K85.3
K85.32,K85.3
K85.90,K85.9
K85.91,K85.9
K85.92,K85.9
K86.81,K86.8
K86.89,K86.8
K90.41,K90.4
K90.49,K90.4
K90.821,K90.89
K90.822,K90.89
K90.829,K90.89
K90.83,K90.89
K91.30,K91.3
K91.31,K91.3
K91.32,K91.3
K91.870,K91.840
K91.871,K91.841
K91.872,K91.840
K91.873,K91.841
L03.213,H05.011-H05.013; H05.019
L24.A0,L24.89
L24.A1,L24.89
L24.A2,L24.89
L24.A9,L24.89
L24.B0,L24.89
L24.B1,L24.89
L24.B2,L24.89
L24.B3,L24.89
L76.31,L76.21
L76.32,L76.22
L76.33,L76.21
L76.34,L76.22
L89.006,L89.000
L89.016,L89.010
L89.026,L89.020
L89.106,L89.100
L89.116,L89.110
L89.126,L89.120
L89.136,L89.130
L89.146,L89.140
L89.156,L89.150
L89.206,L89.200
L89.216,L89.210
L89.226,L89.220
L89.306,L89.300
L89.316,L89.310
L89.326,L89.320
L89.46,L89.45
L89.506,L89.500
L89.516,L89.510
L89.526,L89.520
L89.606,L89.600
L89.616,L89.610
L89.626,L89.620
L89.816,L89.810
L89.896,L89.890
L89.96,L89.95
L97.105,L97.109
L97.106,L97.109
L97.108,L97.109
L97.115,L97.119
L97.116,L97.119
L97.118,L97.119
L97.125,L97.129
L97.126,L97.129
L97.128,L97.129
L97.205,L97.209
L97.206,L97.209
L97.208,L97.209
L97.215,L97.219
L97.216,L97.219
L97.218,L97.219
L97.225,L97.229
L97.226,L97.229
L97.228,L97.229
L97.305,L97.309
L97.306,L97.309
L97.308,L97.309
L97.315,L97.319
L97.316,L97.319
L97.318,L97.319
L97.325,L97.329
L97.326,L97.329
L97.328,L97.329
L97.405,L97.409
L97.406,L97.409
L97.408,L97.409
L97.415,L97.419
L97.416,L97.419
L97.418,L97.419
L97.425,L97.429
L97.426,L97.429
L97.428,L97.429
L97.505,L97.509
L97.506,L97.509
L97.508,L97.509
L97.515,L97.519
L97.516,L97.519
L97.518,L97.519
L97.525,L97.529
L97.526,L97.529
L97.528,L97.529
L97.805,L97.809
L97.806,L97.809
L97.808,L97.809
L97.815,L97.819
L97.816,L97.819
L97.818,L97.819
L97.825,L97.829
L97.826,L97.829
L97.828,L97.829
L97.905,L97.909
L97.906,L97.909
L97.908,L97.909
L97.915,L97.919
L97.916,L97.919
L97.918,L97.919
L97.925,L97.929
L97.926,L97.929
L97.928,L97.929
L98.7,L98.8
L98.415,L98.419
L98.416,L98.419
L98.418,L98.419
L98.425,L98.429
L98.426,L98.429
L98.428,L98.429
L98.495,L98.499
L98.496,L98.499
L98.498,L98.499
M04.1,E85.0
M04.2,L50.2
M04.8,None
M04.9,None
M05.7A,M05.70
M05.8A,M05.80
M06.0A,M06.00
M06.8A,M06.80
M08.0A,M08.00
M08.2A,M08.20
M08.4A,M08.40
M08.9A,M08.90
M19.09,M19.91
M19.19,M19.92
M19.29,M19.93
M21.611,M20.11
M21.612,M20.12
M21.619,M20.10
M21.621,M20.11
M21.622,M20.12
M21.629,M20.10
M24.19,M24.10
M24.29,M24.20
M24.39,M24.30
M24.49,M24.40
M24.59,M24.50
M24.69,M24.60
M24.89,M24.80
M25.39,M25.30
M25.541,M79.641
M25.542,M79.642
M25.549,M79.643
M25.59,M25.50
M25.69,M25.60
M26.601,M26.60
M26.602,M26.60
M26.603,M26.60
M26.609,M26.60
M26.611,M26.61
M26.612,M26.61
M26.613,M26.61
M26.619,M26.61
M26.621,M26.62
M26.622,M26.62
M26.623,M26.62
M26.629,M26.62
M26.631,M26.63
M26.632,M26.63
M26.633,M26.63
M26.639,M26.63
M26.641,M26.69
M26.642,M26.69
M26.643,M26.69
M26.649,M26.69
M26.651,M26.69
M26.652,M26.69
M26.653,M26.69
M26.659,M26.69
M31.10,M31.1
M31.11,M31.1
M31.19,M31.1
M33.03,M33.00
M33.13,M33.10
M33.93,M33.90
M35.05,M35.09
M35.06,M35.09
M35.07,M35.09
M35.08,M35.09
M35.0A,M35.09
M35.0B,M35.09
M35.0C,M35.09
M35.81,M35.8
M35.89,M35.8
M45.A0,M45.9
M45.A1,M45.1
M45.A2,M45.2
M45.A3,M45.3
M45.A4,M45.4
M45.A5,M45.5
M45.A6,M45.6
M45.A7,M45.7
M45.A8,M45.8
M45.AB,M45.0
M48.061,M48.06
M48.062,M48.06
M50.020,M50.02
M50.021,M50.02
M50.022,M50.02
M50.023,M50.02
M50.120,M50.12
M50.121,M50.12
M50.122,M50.12
M50.123,M50.12
M50.220,M50.22
M50.221,M50.22
M50.222,M50.22
M50.223,M50.22
M50.320,M50.32
M50.321,M50.32
M50.322,M50.32
M50.323,M50.32
M50.820,M50.82
M50.821,M50.82
M50.822,M50.82
M50.823,M50.82
M50.920,M50.92
M50.921,M50.92
M50.922,M50.92
M50.923,M50.92
M51.A0,M51.86
M51.A1,M51.86
M51.A2,M51.86
M51.A3,M51.87
M51.A4,M51.87
M51.A5,M51.87
M54.50,M54.5
M54.51,M54.5
M54.59,M54.5
M62.5A0 ,M62.58
M62.5A1,M62.58
M62.5A2,M62.58
M62.5A9,M62.58
M62.84,R64
M79.10,M79.1
M79.11,M79.1
M79.12,M79.1
M79.18  ,M79.1
M80.0AXA,M80.00XA
M80.0AXD,M80.00XD
M80.0AXG,M80.00XG
M80.0AXK,M80.00XK
M80.0AXP,M80.00XP
M80.0AXS,M80.00XA
M80.0B1A,M80.0AXA
M80.0B1D,M80.0AXD
M80.0B1G,M80.0AXG
M80.0B1K,M80.0AXK
M80.0B1P,M80.0AXP
M80.0B1S,M80.0AXS
M80.0B2A,M80.0AXA
M80.0B2D,M80.0AXD
M80.0B2G,M80.0AXG
M80.0B2K,M80.0AXK
M80.0B2P,M80.0AXP
M80.0B2S,M80.0AXS
M80.0B9A,M80.0AXA
M80.0B9D,M80.0AXD
M80.0B9G,M80.0AXG
M80.0B9K,M80.0AXK
M80.0B9P,M80.0AXP
M80.0B9S,M80.0AXS
M80.8B1A,M80.80XA
M80.8B1D,M80.8AXD
M80.8B1G,M80.8AXG
M80.8B1K,M80.8AXK
M80.8B1P,M80.8AXP
M80.8B1S,M80.8AXS
M80.8B2A,M80.80XA
M80.8B2D,M80.8AXD
M80.8B2G,M80.8AXG
M80.8B2K,M80.8AXK
M80.8B2P,M80.8AXP
M80.8B2S,M80.8AXS
M80.8B9A,M80.80XA
M80.8B9D,M80.8AXD
M80.8B9G,M80.8AXG
M80.8B9K,M80.8AXK
M80.8B9P,M80.8AXP
M80.8B9S,M80.8AXS
M80.8AXA,M80.80XA
M80.8AXD,M80.80XD
M80.8AXG,M80.80XG
M80.8AXK,M80.80XK
M80.8AXP,M80.80XP
M80.8AXS,M80.80XS
M84.750A,"S72.8X1A
M84.750D,"S72.8X1D
M84.750G,"S72.8X1G
M84.750K,"S72.8X1K
M84.750P,"S72.8X1P
M84.750S,"S72.8X1S
M84.751A,"S72.8X1A
M84.751D,"S72.8X1D
M84.751G,"S72.8X1G
M84.751K,"S72.8X1K
M84.751P,"S72.8X1P
M84.751S,"S72.8X1S
M84.752A,"S72.8X1A
M84.752D,"S72.8X1D
M84.752G,"S72.8X1G
M84.752K,"S72.8X1K
M84.752P,"S72.8X1P
M84.752S,"S72.8X1S
M84.753A,"S72.8X1A
M84.753D,"S72.8X1D
M84.753G,"S72.8X1G
M84.753K,"S72.8X1K
M84.753P,"S72.8X1P
M84.753S,"S72.8X1S
M84.754A,"S72.8X1A
M84.754D,"S72.8X1D
M84.754G,"S72.8X1G
M84.754K,"S72.8X1K
M84.754P,"S72.8X1P
M84.754S,"S72.8X1S
M84.755A,"S72.8X1A
M84.755D,"S72.8X1D
M84.755G,"S72.8X1G
M84.755K,"S72.8X1K
M84.755P,"S72.8X1P
M84.755S,"S72.8X1S
M84.756A,"S72.8X1A
M84.756D,"S72.8X1D
M84.756G,"S72.8X1G
M84.756K,"S72.8X1K
M84.756P,"S72.8X1P
M84.756S,"S72.8X1S
M84.757A,"S72.8X1A
M84.757D,"S72.8X1D
M84.757G,"S72.8X1G
M84.757K,"S72.8X1K
M84.757P,"S72.8X1P
M84.757S,"S72.8X1S
M84.759A,"S72.8X1A
M84.759D,"S72.8X1D
M84.759G,"S72.8X1G
M84.759K,"S72.8X1K
M84.759P,"S72.8X1P
M84.759S,"S72.8X1S
M92.501,M92.50
M92.502,M92.50
M92.503,M92.50
M92.509,M92.50
M92.511,M92.51
M92.512,M92.51
M92.513 ,M92.51
M92.519,M92.51
M92.521,M92.52
M92.522,M92.52
M92.523,M92.52
M92.529,M92.52
M92.591,M92.50
M92.592 ,M92.50
M92.593,M92.50
M92.599,M92.50
M93.004,M93.001 & M93.002
M93.014,M93.011 & M93.012
M93.024,M93.021 & M93.022
M93.034,M93.031 & M93.032
M93.041,M93.011
M93.042,M93.012
M93.043,M93.013
M93.044,M93.011 & M93.012
M93.051 ,M93.031
M93.052,M93.032
M93.053,M93.033
M93.054,M93.031 & M93.032
M93.061,M93.011
M93.062,M93.012
M93.063,M93.013
M93.064,M93.011 & M93.012
M93.071,M93.031
M93.072,M93.032
M93.073,M93.033
M93.074,M93.031 & M93.032
M96.840,M96.830
M96.841,M96.831
M96.842,M96.830
M96.843,M96.831
M96.A1,M96.89 & Y84.8
M96.A2,M96.89 & Y84.8
M96.A3,M96.89 & Y84.8
M96.A4,M96.89 & Y84.8
M96.A9,M96.89 & Y84.8
M97.01XA,T84.040A
M97.01XD,T84.040D
M97.01XS,T84.040S
M97.02XA,T84.041A
M97.02XD,T84.041D
M97.02XS,T84.041S
M97.11XA,T84.042A
M97.11XD,T84.042D
M97.11XS,T84.042S
M97.12XA,T84.043A
M97.12XD,T84.043D
M97.12XS,T84.043S
M97.21XA,T84.048A
M97.21XD,T84.048D
M97.21XS,T84.048S
M97.22XA,T84.048A
M97.22XD,T84.048D
M97.22XS,T84.048S
M97.31XA,T84.048A
M97.31XD,T84.048D
M97.31XS,T84.048S
M97.32XA,T84.048A
M97.32XD,T84.048D
M97.32XS,T84.048S
M97.41XA,T84.048A
M97.41XD,T84.048D
M97.41XS,T84.048S
M97.42XA,T84.048A
M97.42XD,T84.048D
M97.42XS,T84.048S
M97.8XXA,T84.048A
M97.8XXD,T84.048D
M97.8XXS,T84.048D
M97.9XXA,T84.049A
M97.9XXD,T84.049D
M97.9XXS,T84.049S
N00.A,N00.8
N01.A,N01.8
N02.A,N02.8
N02.B1,N02.0-N02.1
N02.B2,N02.1
N02.B3,N02.2
N02.B4 ,N02.2
N02.B5 ,N02.3
N02.B6,N02.5
N02.B9,N02.8
N03.A,N03.8
N04.20,N04.2
N04.21,N04.2
N04.22,N04.2
N04.29,N04.2
N04.A,N04.8
N05.A,N05.8
N06.20,N06.2
N06.21,N06.2
N06.22,N06.2
N06.29,N06.2
N06.A,N06.8
N07.A,N07.8
N13.0,N13.1
N14.11,N14.1
N14.19,N14.1
N18.30,N18.3
N18.31,N18.3
N18.32,N18.3
N35.016,N35.014
N35.116,N35.114
N35.811,N35.8
N35.812,N35.8
N35.813,N35.8
N35.814,N35.8
N35.816,N35.8
N35.819,N35.8
N35.82,N35.8
N35.911,N35.9
N35.912,N35.9
N35.913,N35.9
N35.914,N35.9
N35.916,N35.9
N35.919,N35.9
N35.92,N35.9
N39.491,N39.498
N39.492,N39.498
N42.30,N42.3
N42.31,N42.3
N42.32,N42.3
N42.39,N42.3
N50.811,N50.8
N50.812,N50.8
N50.819,N50.8
N50.82,N50.8
N50.89,N50.8
N52.35,N52.39
N52.36,N52.39
N52.37,N52.39
N61.0,N61
N61.1,N61
N61.20,N61.0
N61.21,N61.0
N61.22,N61.0
N61.23,N61.0
N63.0,N63
N63.10,N63
N63.11,N63
N63.12,N63
N63.13,N63
N63.14,N63
N63.15,N63.11-N63.14
N63.20,N63
N63.21,N63
N63.22,N63
N63.23,N63
N63.24,N63
N63.25,N63.21-N63.24
N63.31,N63
N63.32,N63
N63.41,N63
N63.42,N63
N76.82,N76.89
N80.00,N80.0
N80.01,N80.0
N80.02,N80.0
N80.03,N80.0
N80.101,N80.1
N80.102,N80.1
N80.103 ,N80.1
N80.109,N80.1
N80.111,N80.1
N80.112,N80.1
N80.113,N80.1
N80.119,N80.1
N80.121,N80.1
N80.122,N80.1
N80.123,N80.1
N80.129,N80.1
N80.201,N80.2
N80.202 ,N80.2
N80.203,N80.2
N80.209,N80.2
N80.211,N80.2
N80.212,N80.2
N80.213,N80.2
N80.219,N80.2
N80.221,N80.2
N80.222,N80.2
N80.223 ,N80.2
N80.229,N80.2
N80.30,N80.3
N80.311 ,N80.3
N80.312,N80.3
N80.319,N80.3
N80.321,N80.3
N80.322,N80.3
N80.329,N80.3
N80.331,N80.3
N80.332,N80.3
N80.333,N80.3
N80.339 ,N80.3
N80.341,N80.3
N80.342,N80.3
N80.343,N80.3
N80.349,N80.3
N80.351,N80.3
N80.352,N80.3
N80.353,N80.3
N80.359,N80.3
N80.361,N80.3
N80.362,N80.3
N80.363,N80.3
N80.369,N80.3
N80.371,N80.3
N80.372 ,N80.3
N80.373,N80.3
N80.379,N80.3
N80.381,N80.3
N80.382,N80.3
N80.383 ,N80.3
N80.389,N80.3
N80.3A1,N80.3
N80.3A2,N80.3
N80.3A3,N80.3
N80.3A9,N80.3
N80.3B1,N80.3
N80.3B2 ,N80.3
N80.3B3,N80.3
N80.3B9,N80.3
N80.3C1,N80.3
N80.3C2,N80.3
N80.3C3,N80.3
N80.3C9,N80.3
N80.391,N80.3
N80.392 ,N80.3
N80.399,N80.3
N80.40,N80.3
N80.41,N80.4
N80.42,N80.4
N80.50,N80.5
N80.511,N80.5
N80.512,N80.5
N80.519,N80.5
N80.521,N80.5
N80.522,N80.5
N80.529,N80.5
N80.531,N80.5
N80.532,N80.5
N80.539,N80.5
N80.541,N80.5
N80.542,N80.5
N80.549,N80.5
N80.551,N80.5
N80.552,N80.5
N80.559,N80.5
N80.561,N80.5
N80.562,N80.5
N80.569,N80.5
N80.A0,N80.8
N80.A1,N80.8
N80.A2,N80.8
N80.A41,N80.8
N80.A42,N80.8
N80.A43,N80.8
N80.A49,N80.8
N80.A51,N80.8
N80.A52,N80.8
N80.A53,N80.8
N80.A59,N80.8
N80.A61,N80.8
N80.A62,N80.8
N80.A63,N80.8
N80.A69,N80.8
N80.B1,N80.8
N80.B2,N80.8
N80.B31,N80.8
N80.B32,N80.8
N80.B39,N80.8
N80.B4,N80.8
N80.B5,N80.8
N80.B6,N80.8
N80.C0,N80.8
N80.C10,N80.8
N80.C11,N80.8
N80.C19,N80.8
N80.C2,N80.8
N80.C3,N80.8
N80.C4 ,N80.8
N80.C9 ,N80.8
N80.D0 ,N80.8
N80.D1,N80.8
N80.D2,N80.8
N80.D3,N80.8
N80.D4,N80.8
N80.D5,N80.8
N80.D6,N80.8
N80.D9,N80.8
N83.00,N83.0
N83.01,N83.0
N83.02,N83.0
N83.10,N83.1
N83.11,N83.1
N83.12,N83.1
N83.201,N83.20
N83.202,N83.20
N83.209,N83.20
N83.291,N83.29
N83.292,N83.29
N83.299,N83.29
N83.311,N83.31
N83.312,N83.31
N83.319,N83.31
N83.321,N83.32
N83.322,N83.32
N83.329,N83.32
N83.331,N83.33
N83.332 ,N83.33
N83.339,N83.33
N83.40,N83.4
N83.41,N83.4
N83.42,N83.4
N83.511,N83.51
N83.512,N83.51
N83.519,N83.51
N83.521,N83.52
N83.522,N83.52
N83.529,N83.52
N85.A,N85.8
N90.60,N90.6
N90.61,N90.6
N90.69,N90.6
N94.10,N94.1
N94.11,N94.1
N94.12,N94.1
N94.19,N94.1
N99.115,N99.114
N99.116,N99.114
N99.523,N99.528
N99.524,N99.528
N99.533,N99.538
N99.534,N99.538
N99.840,N99.820
N99.841,N99.821
N99.842,N99.820
N99.843,N99.821
N99.85,N99.89
O00.00,O00.0
O00.01,O00.0
O00.10,O00.1
O00.101,O00.10
O00.102,O00.10
O00.109,O00.10
O00.11,O00.1
O00.111,O00.11
O00.112,O00.11
O00.119,O00.11
O00.20,O00.2
O00.201,O00.20
O00.202,O00.20
O00.209,O00.20
O00.21,O00.2
O00.211,O00.21
O00.212,O00.21
O00.219,O00.21
O00.80,O00.8
O00.81,O00.8
O00.90,O00.9
O00.91,O00.9
O09.A0,O09.10
O09.A1,O09.11
O09.A2,O09.12
O09.A3,O09.13
O11.4,O11.9
O11.5,O11.9
O12.04,O12.00
O12.05,O12.00
O12.14,O12.10
O12.15,O12.10
O12.24,O12.20
O12.25,O12.20
O13.4,O13.9
O13.5,O13.9
O14.04,O14.00
O14.05,O14.00
O14.14 ,O14.10
O14.15,O14.10
O14.24,O14.20
O14.25,O14.20
O14.94,O14.90
O14.95,O14.90
O16.4,O16.9
O16.5,O16.9
O24.415,O24.419
O24.425,O24.429
O24.435,O24.439
O26.641,O26.611
O26.642,O26.612
O26.643,O26.613
O26.649,O26.619
O30.131,O30.101
O30.132,O30.101
O30.133,O30.101
O30.139,O30.101
O30.231,O30.201
O30.232,O30.201
O30.233,O30.201
O30.239,O30.201
O30.831,O30.801
O30.832,O30.801
O30.833,O30.801
O30.839,O30.801
O33.7XX0,O33.7
O33.7XX1,O33.7
O33.7XX2,O33.7
O33.7XX3,O33.7
O33.7XX4,O33.7
O33.7XX5,O33.7
O33.7XX9,O33.7
O34.211,O34.21
O34.212,O34.21
O34.218,O34.219
O34.219,O34.21
O34.22,O34.219
O35.00X0,O35.0XX0
O35.00X1,O35.0XX1
O35.00X2,O35.0XX2
O35.00X3,O35.0XX3
O35.00X4,O35.0XX4
O35.00X5,O35.0XX5
O35.00X9,O35.0XX9
O35.01X0,O35.0XX0
O35.01X1,O35.0XX1
O35.01X2,O35.0XX2
O35.01X3,O35.0XX3
O35.01X4,O35.0XX4
O35.01X5,O35.0XX5
O35.01X9,O35.0XX9
O35.02X0,O35.0XX0
O35.02X1,O35.0XX1
O35.02X2,O35.0XX2
O35.02X3,O35.0XX3
O35.02X4,O35.0XX4
O35.02X5,O35.0XX5
O35.02X9,O35.0XX9
O35.03X0,O35.0XX0
O35.03X1,O35.0XX1
O35.03X2,O35.0XX2
O35.03X3,O35.0XX3
O35.03X4,O35.0XX4
O35.03X5,O35.0XX5
O35.03X9,O35.0XX9
O35.04X0,O35.0XX0
O35.04X1,O35.0XX1
O35.04X2,O35.0XX2
O35.04X3,O35.0XX3
O35.04X4,O35.0XX4
O35.04X5,O35.0XX5
O35.04X9,O35.0XX9
O35.05X0,O35.0XX0
O35.05X1,O35.0XX1
O35.05X2,O35.0XX2
O35.05X3,O35.0XX3
O35.05X4,O35.0XX4
O35.05X5,O35.0XX5
O35.05X9,O35.0XX9
O35.06X0,O35.0XX0
O35.06X1,O35.0XX1
O35.06X2,O35.0XX2
O35.06X3,O35.0XX3
O35.06X4,O35.0XX4
O35.06X5,O35.0XX5
O35.06X9,O35.0XX9
O35.07X0,O35.0XX0
O35.07X1,O35.0XX1
O35.07X2,O35.0XX2
O35.07X3,O35.0XX3
O35.07X4,O35.0XX4
O35.07X5,O35.0XX5
O35.07X9,O35.0XX9
O35.08X0,O35.0XX0
O35.08X1,O35.0XX1
O35.08X2,O35.0XX2
O35.08X3,O35.0XX3
O35.08X4,O35.0XX4
O35.08X5,O35.0XX5
O35.08X9,O35.0XX9
O35.09X0,O35.0XX0
O35.09X1,O35.0XX1
O35.09X2,O35.0XX2
O35.09X3,O35.0XX3
O35.09X4,O35.0XX4
O35.09X5,O35.0XX5
O35.09X9,O35.0XX9
O35.10X0,O35.1XX0
O35.10X1,O35.1XX1
O35.10X2,O35.1XX2
O35.10X3,O35.1XX3
O35.10X4,O35.1XX4
O35.10X5,O35.1XX5
O35.10X9,O35.1XX9
O35.11X0,O35.1XX0
O35.11X1,O35.1XX1
O35.11X2,O35.1XX2
O35.11X3,O35.1XX3
O35.11X4,O35.1XX4
O35.11X5,O35.1XX5
O35.11X9,O35.1XX9
O35.12X0,O35.1XX0
O35.12X1,O35.1XX1
O35.12X2,O35.1XX2
O35.12X3,O35.1XX3
O35.12X4,O35.1XX4
O35.12X5,O35.1XX5
O35.12X9,O35.1XX9
O35.13X0,O35.1XX0
O35.13X1,O35.1XX1
O35.13X2,O35.1XX2
O35.13X3,O35.1XX3
O35.13X4,O35.1XX4
O35.13X5,O35.1XX5
O35.13X9,O35.1XX9
O35.14X0,O35.1XX0
O35.14X1,O35.1XX1
O35.14X2,O35.1XX2
O35.14X3,O35.1XX3
O35.14X4,O35.1XX4
O35.14X5,O35.1XX5
O35.14X9,O35.1XX9
O35.15X0,O35.1XX0
O35.15X1,O35.1XX1
O35.15X2,O35.1XX2
O35.15X3,O35.1XX3
O35.15X4,O35.1XX4
O35.15X5,O35.1XX5
O35.15X9,O35.1XX9
O35.19X0,O35.1XX0
O35.19X1,O35.1XX1
O35.19X2,O35.1XX2
O35.19X3,O35.1XX3
O35.19X4,O35.1XX4
O35.19X5,O35.1XX5
O35.19X9,O35.1XX9
O35.AXX0,O35.8XX0
O35.AXX1,O35.8XX1
O35.AXX2,O35.8XX2
O35.AXX3,O35.8XX3
O35.AXX4,O35.8XX4
O35.AXX5,O35.8XX5
O35.AXX9,O35.8XX9
O35.BXX0,O35.8XX0
O35.BXX1,O35.8XX1
O35.BXX2,O35.8XX2
O35.BXX3,O35.8XX3
O35.BXX4,O35.8XX4
O35.BXX5,O35.8XX5
O35.BXX9,O35.8XX9
O35.CXX0,O35.8XX0
O35.CXX1,O35.8XX1
O35.CXX2,O35.8XX2
O35.CXX3,O35.8XX3
O35.CXX4,O35.8XX4
O35.CXX5,O35.8XX5
O35.CXX9,O35.8XX9
O35.DXX0,O35.8XX0
O35.DXX1,O35.8XX1
O35.DXX2,O35.8XX2
O35.DXX3,O35.8XX3
O35.DXX4,O35.8XX4
O35.DXX5,O35.8XX5
O35.DXX9,O35.8XX9
O35.EXX0,O35.8XX0
O35.EXX1,O35.8XX1
O35.EXX2,O35.8XX2
O35.EXX3,O35.8XX3
O35.EXX4,O35.8XX4
O35.EXX5,O35.8XX5
O35.EXX9,O35.8XX9
O35.FXX0,O35.8XX0
O35.FXX1,O35.8XX1
O35.FXX2,O35.8XX2
O35.FXX3,O35.8XX3
O35.FXX4,O35.8XX4
O35.FXX5,O35.8XX5
O35.FXX9,O35.8XX9
O35.GXX0,O35.8XX0
O35.GXX1,O35.8XX1
O35.GXX2,O35.8XX2
O35.GXX3,O35.8XX3
O35.GXX4,O35.8XX4
O35.GXX5,O35.8XX5
O35.GXX9,O35.8XX9
O35.HXX0,O35.8XX0
O35.HXX1,O35.8XX1
O35.HXX2,O35.8XX2
O35.HXX3,O35.8XX3
O35.HXX4,O35.8XX4
O35.HXX5,O35.8XX5
O35.HXX9,O35.8XX9
O36.8310,O36.8910
O36.8311,O36.8911
O36.8312,O36.8912
O36.8313,O36.8913
O36.8314,O36.8914
O36.8315,O36.8915
O36.8319,O36.8919
O36.8320,O36.8920
O36.8321,O36.8921
O36.8322,O36.8922
O36.8323,O36.8923
O36.8324,O36.8924
O36.8325,O36.8925
O36.8329,O36.8929
O36.8330,O36.8930
O36.8331,O36.8931
O36.8332,O36.8932
O36.8333,O36.8933
O36.8334,O36.8934
O36.8335,O36.8935
O36.8339,O36.8939
O36.8390,O36.8990
O36.8391,O36.8991
O36.8392,O36.8992
O36.8393,O36.8993
O36.8394,O36.8994
O36.8395,O36.8995
O36.8399,O36.8999
O44.20,O44.00
O44.20,O44.00
O44.21,O44.01
O44.21,O44.01
O44.22,O44.02
O44.22,O44.02
O44.23,O44.03
O44.23,O44.03
O44.30,O44.10
O44.30,O44.10
O44.31,O44.11
O44.31,O44.11
O44.32,O44.12
O44.32,O44.12
O44.33,O44.13
O44.33,O44.13
O44.40,O44.00
O44.41,O44.01
O44.42,O44.02
O44.43,O44.03
O44.50,O44.10
O44.51,O44.11
O44.52,O44.12
O44.53,O44.13
O70.20,O70.2
O70.21,O70.2
O70.22,O70.2
O70.23,O70.2
O86.00,O86.0
O86.01,O86.0
O86.02,O86.0
O86.03,O86.0
O86.04,O86.0
O86.09,O86.0
O90.41,O90.4
O90.49,O90.4
O99.891,O99.89
O99.892,O99.89
O99.893,O99.89
P00.82,P00.89
P02.70,P02.7
P02.78,P02.7
P04.11,P04.1
P04.12,P04.1
P04.13,P04.1
P04.14,P04.1
P04.15,P04.1
P04.16,P04.1
P04.17,P04.1
P04.1A,P04.1
P04.18,P04.1
P04.19,P04.1
P04.40,P04.49
P04.42,P04.49
P04.81,P04.8
P04.89,P04.8
P05.09,None
P05.19,None
P09.1,P09
P09.2,P09
P09.3,P09
P09.4,P09
P09.5,P09
P09.6,P09
P09.8,P09
P09.9,P09
P28.30,P28.3
P28.31,P28.3
P28.32,P28.3
P28.33,P28.3
P28.39,P28.3
P28.40,P28.4
P28.41,P28.4
P28.42,P28.4
P28.43,P28.4
P28.49,P28.4
P29.30,P29.3
P29.38,P29.3
P35.4,P35.8 and A92.5
P74.21,P74.2
P74.22,P74.2
P74.31,P74.3
P74.32,P74.3
P74.41,P74.4
P74.421,P74.4
P74.422,P74.4
P74.49,P74.4
P78.84,P78.89; E83.118
P83.81,L92.9
P83.88,P83.8
P91.811,P91.8
P91.819,P91.8
P91.821,I63.- and P91.88
P91.822,I63.- and P91.88
P91.823,I63.- and P91.88
P91.829,I63.- and P91.88
P91.88,P91.8
Q21.10,Q21.1
Q21.11,Q21.1
Q21.12,Q21.1
Q21.13,Q21.1
Q21.14,Q21.1
Q21.15,Q21.1
Q21.16,Q21.1
Q21.19,Q21.1
Q21.20,Q21.2
Q21.21,Q21.2
Q21.22,Q21.2
Q21.23,Q21.2
Q25.21,Q25.2
Q25.29,Q25.2
Q25.40,Q25.4
Q25.41,Q25.4
Q25.42,Q25.4
Q25.43,Q25.4
Q25.44,Q25.4
Q25.45,Q25.4
Q25.46,Q25.4
Q25.47,Q25.4
Q25.48,Q25.4
Q25.49,Q25.4
Q44.70,Q44.7
Q44.71,Q44.7
Q44.79,Q44.7
Q51.20,Q51.2
Q51.21,Q51.2
Q51.22,Q51.2
Q51.28,Q51.2
Q52.120,Q25.12
Q52.121,Q25.12
Q52.122,Q25.12
Q52.123,Q25.12
Q52.124,Q25.12
Q52.129,Q25.12
Q53.111,Q53.11
Q53.112,Q53.11
Q53.13,Q53.11
Q53.211,Q53.21
Q53.212,Q53.21
Q53.23,Q53.21
Q66.00,Q66.0
Q66.01,Q66.0
Q66.02,Q66.0
Q66.10,Q66.1
Q66.11,Q66.1
Q66.12,Q66.1
Q66.21,Q66.2
Q66.211,Q66.21
Q66.212,Q66.21
Q66.219,Q66.21
Q66.22,Q66.2
Q66.221,Q66.22
Q66.222,Q66.22
Q66.229,Q66.22
Q66.30,Q66.3
Q66.31,Q66.3
Q66.32,Q66.3
Q66.40,Q66.4
Q66.41,Q66.4
Q66.42,Q66.4
Q66.70,Q66.7
Q66.71,Q66.7
Q66.72,Q66.7
Q66.90,Q66.9
Q66.91,Q66.9
Q66.92,Q66.9
Q75.001,Q75.0
Q75.002,Q75.0
Q75.009,Q75.0
Q75.01,Q75.0
Q75.021,Q75.0
Q75.022,Q75.0
Q75.029,Q75.0
Q75.03,Q75.0
Q75.041,Q75.0
Q75.042,Q75.0
Q75.049,Q75.0
Q75.051,Q75.0
Q75.052,Q75.0
Q75.058,Q75.0
Q75.08,Q75.0
Q79.60,Q79.6
Q79.61,Q79.6
Q79.62,Q79.6
Q79.63,Q79.6
Q79.69,Q79.6
Q82.6,"L05.01
Q85.81,Q85.8
Q85.82,Q85.8
Q85.83 ,Q85.8
Q85.89 ,Q85.8
Q87.11,Q87.1
Q87.19,Q87.1
Q87.82,Q87.89
Q87.83,Q87.89
Q87.84,Q87.89
Q87.85,Q87.89
Q93.51,Q93.5
Q93.52,Q93.59
Q93.59,Q93.5
Q93.82,Q93.89
R05.1,R05
R05.2,R05
R05.3,R05
R05.4,R05
R05.8,R05
R05.9,R05
R06.03,R06.00
R09.A0,R09.89
R09.A1,R09.89
R09.A2,R09.89
R09.A9,R09.89
R11.15,K31.89 and a code from R11-
R29.700,None
R29.701,None
R29.702,None
R29.703,None
R29.704,None
R29.705,None
R29.706,None
R29.707,None
R29.708,None
R29.709,None
R29.710,None
R29.711,None
R29.712,None
R29.713,None
R29.714,None
R29.715,None
R29.716,None
R29.717,None
R29.718,None
R29.719,None
R29.720,None
R29.721,None
R29.722,None
R29.723,None
R29.724,None
R29.725,None
R29.726,None
R29.727,None
R29.728,None
R29.729,None
R29.730,None
R29.731,None
R29.732,None
R29.733,None
R29.734,None
R29.735,None
R29.736,None
R29.737,None
R29.738,None
R29.739,None
R29.740,None
R29.741,None
R29.742,None
R31.21,R31.2
R31.29,R31.2
R35.81,R35.8
R35.89,R35.8
R39.191,R31.19
R39.192,R31.19
R39.198,R31.19
R39.82,R39.89
R39.83,R39.89
R39.84,R39.89
R40.2410,R40.241
R40.2411,R40.241
R40.2412,R40.241
R40.2413,R40.241
R40.2414,R40.241
R40.2420,R40.242
R40.2421,R40.242
R40.2422,R40.242
R40.2423,R40.242
R40.2424,R40.242
R40.2430,R40.243
R40.2431,R40.243
R40.2432,R40.243
R40.2433,R40.243
R40.2434,R40.243
R40.2440,R40.244
R40.2441,R40.244
R40.2442,R40.244
R40.2443,R40.244
R40.2444,R40.244
R40.2A,R40.20
R45.88,R45.89
R51.0,R51
R51.9,R51
R63.30,R63.3
R63.31,R63.3
R63.32,R63.3
R63.39,R63.3
R73.03,R73.09
R74.01,R74.0
R74.02,R74.0
R79.83,R79.89
R82.71,R82.7
R82.79,R82.7
R82.81,R82.8
R82.89,R82.8
R82.991,R82.99
R82.992,R82.99
R82.993,R82.99
R82.994,R82.99
R82.998,R82.99
R92.30,R92.2
R92.311,R92.2
R92.312,R92.2
R92.313,R92.2
R92.321,R92.2
R92.322,R92.2
R92.323,R92.2
R92.331,R92.2
R92.332,R92.2
R92.333,R92.2
R92.341,R92.2
R92.342,R92.2
R92.343 ,R92.2
R93.41,R93.4
R93.421,R93.4
R93.422,R93.4
R93.429,R93.4
R93.49,R93.4
R93.811,R93.8
R93.812,R93.8
R93.813,R93.8
R93.819,R93.8
R93.89,R93.8
R97.20,R97.2
R97.21,R97.2
S02.101A,S02.10XA
S02.101B,S02.10XB
S02.101D,S02.10XD
S02.101G,S02.10XG
S02.101K,S02.10XK
S02.101S,S02.10XS
S02.102A,S02.10XA
S02.102B,S02.10XB
S02.102D,S02.10XD
S02.102G,S02.10XG
S02.102K,S02.10XK
S02.102S,S02.10XS
S02.109A,S02.10XA
S02.109B,S02.10XB
S02.109D,S02.10XD
S02.109G,S02.10XG
S02.109K,S02.10XK
S02.109S,S02.10XS
S02.11AA,S02.110A
S02.11AB,S02.110B
S02.11AD,S02.110D
S02.11AG,S02.110G
S02.11AK,S02.110K
S02.11AS,S02.110S
S02.11BA,S02.110A
S02.11BB,S02.110B
S02.11BD,S02.110D
S02.11BG,S02.110G
S02.11BK,S02.110K
S02.11BS,S02.110S
S02.11CA,S02.111A
S02.11CB,S02.111B
S02.11CD,S02.111D
S02.11CG,S02.111G
S02.11CK,S02.111K
S02.11CS,S02.111S
S02.11DA,S02.111A
S02.11DB,S02.111B
S02.11DD,S02.111D
S02.11DG,S02.111G
S02.11DK,S02.111K
S02.11DS,S02.111S
S02.11EA,S02.112A
S02.11EB,S02.112B
S02.11ED,S02.112D
S02.11EG,S02.112G
S02.11EK,S02.112K
S02.11ES,S02.112S
S02.11FA,S02.112A
S02.11FB,S02.112B
S02.11FD,S02.112D
S02.11FG,S02.112G
S02.11FK,S02.112K
S02.11FS,S02.112S
S02.11GA,S02.118A
S02.11GB,S02.118B
S02.11GD,S02.118D
S02.11GG,S02.118G
S02.11GK,S02.118K
S02.11GS,S02.118S
S02.11HA,S02.118A
S02.11HB,S02.118B
S02.11HD,S02.118D
S02.11HG,S02.118G
S02.11HK,S02.118K
S02.11HS,S02.118S
S02.121A,S02.19XA
S02.121B,S02.19XB
S02.121D,S02.19XD
S02.121G,S02.19XG
S02.121K,S02.19XK
S02.121S,S02.19XS
S02.122A,S02.19XA
S02.122B,S02.19XB
S02.122D,S02.19XD
S02.122G,S02.19XG
S02.122K,S02.19XK
S02.122S,S02.19XS
S02.129A,S02.19XA
S02.129B,S02.19XB
S02.129D,S02.19XD
S02.129G,S02.19XG
S02.129K,S02.19XK
S02.129S,S02.19XS
S02.30XA,S02.3XXA
S02.30XB,S02.3XXB
S02.30XD,S02.3XXD
S02.30XG,S02.3XXG
S02.30XK,S02.3XXK
S02.30XS,S02.3XXS
S02.31XA,S02.3XXA
S02.31XB,S02.3XXB
S02.31XD,S02.3XXD
S02.31XG,S02.3XXG
S02.31XK,S02.3XXK
S02.31XS,S02.3XXS
S02.32XA,S02.3XXA
S02.32XB,S02.3XXB
S02.32XD,S02.3XXD
S02.32XG,S02.3XXG
S02.32XK,S02.3XXK
S02.32XS,S02.3XXS
S02.40AA,S02.400A
S02.40AB,S02.400B
S02.40AD,S02.400D
S02.40AG,S02.400G
S02.40AK,S02.400K
S02.40AS,S02.400S
S02.40BA,S02.400A
S02.40BB,S02.400B
S02.40BD,S02.400D
S02.40BG,S02.400G
S02.40BK,S02.400K
S02.40BS,S02.400S
S02.40CA,S02.401A
S02.40CB,S02.401B
S02.40CD,S02.401D
S02.40CG,S02.401G
S02.40CK,S02.401K
S02.40CS,S02.401S
S02.40DA,S02.401A
S02.40DB,S02.401B
S02.40DD,S02.401D
S02.40DG,S02.401G
S02.40DK,S02.401K
S02.40DS,S02.401S
S02.40EA,S02.402A
S02.40EB,S02.402B
S02.40ED,S02.402D
S02.40EG,S02.402G
S02.40EK,S02.402K
S02.40ES,S02.402S
S02.40FA,S02.402A
S02.40FB,S02.402B
S02.40FD,S02.402D
S02.40FG,S02.402G
S02.40FK,S02.402K
S02.40FS,S02.402S
S02.601A,S02.600A
S02.601B,S02.600B
S02.601D,S02.600D
S02.601G,S02.600G
S02.601K,S02.600K
S02.601S,S02.600S
S02.602A,S02.600A
S02.602B,S02.600B
S02.602D,S02.600D
S02.602G,S02.600G
S02.602K,S02.600K
S02.602S,S02.600S
S02.610A,S02.61XA
S02.610B,S02.61XB
S02.610D,S02.61XD
S02.610G,S02.61XG
S02.610K,S02.61XK
S02.610S,S02.61XS
S02.611A,S02.61XA
S02.611B,S02.61XB
S02.611D,S02.61XD
S02.611G,S02.61XG
S02.611K,S02.61XK
S02.611S,S02.61XS
S02.612A,S02.61XA
S02.612B,S02.61XB
S02.612D,S02.61XD
S02.612G,S02.61XG
S02.612K,S02.61XK
S02.612S,S02.61XS
S02.620A,S02.62XA
S02.620B,S02.62XB
S02.620D,S02.62XD
S02.620G,S02.62XG
S02.620K,S02.62XK
S02.620S,S02.62XS
S02.621A,S02.62XA
S02.621B,S02.62XB
S02.621D,S02.62XD
S02.621G,S02.62XG
S02.621K,S02.62XK
S02.621S,S02.62XS
S02.622A,S02.62XA
S02.622B,S02.62XB
S02.622D,S02.62XD
S02.622G,S02.62XG
S02.622K,S02.62XK
S02.622S,S02.62XS
S02.630A,S02.63XA
S02.630B,S02.63XB
S02.630D,S02.63XD
S02.630G,S02.63XG
S02.630K,S02.63XK
S02.630S,S02.63XS
S02.631A,S02.63XA
S02.631B,S02.63XB
S02.631D,S02.63XD
S02.631G,S02.63XG
S02.631K,S02.63XK
S02.631S,S02.63XS
S02.632A,S02.63XA
S02.632B,S02.63XB
S02.632D,S02.63XD
S02.632G,S02.63XG
S02.632K,S02.63XK
S02.632S,S02.63XS
S02.640A,S02.64XA
S02.640B,S02.64XB
S02.640D,S02.64XD
S02.640G,S02.64XG
S02.640K,S02.64XK
S02.640S,S02.64XS
S02.641A,S02.64XA
S02.641B,S02.64XB
S02.641D,S02.64XD
S02.641G,S02.64XG
S02.641K,S02.64XK
S02.641S,S02.64XS
S02.642A,S02.64XA
S02.642B,S02.64XB
S02.642D,S02.64XD
S02.642G,S02.64XG
S02.642K,S02.64XK
S02.642S,S02.64XS
S02.650A,S02.65XA
S02.650B,S02.65XB
S02.650D,S02.65XD
S02.650G,S02.65XG
S02.650K,S02.65XK
S02.650S,S02.65XS
S02.651A,S02.65XA
S02.651B,S02.65XB
S02.651D,S02.65XD
S02.651G,S02.65XG
S02.651K,S02.65XK
S02.651S,S02.65XS
S02.652A,S02.65XA
S02.652B,S02.65XB
S02.652D,S02.65XD
S02.652G,S02.65XG
S02.652K,S02.65XK
S02.652S,S02.65XS
S02.670A,S02.67XA
S02.670B,S02.67XB
S02.670D,S02.67XD
S02.670G,S02.67XG
S02.670K,S02.67XK
S02.670S,S02.67XS
S02.671A,S02.67XA
S02.671B,S02.67XB
S02.671D,S02.67XD
S02.671G,S02.67XG
S02.671K,S02.67XK
S02.671S,S02.67XS
S02.672A,S02.67XA
S02.672B,S02.67XB
S02.672D,S02.67XD
S02.672G,S02.67XG
S02.672K,S02.67XK
S02.672S,S02.67XS
S02.80XA,S02.8XXA
S02.80XB,S02.8XXB
S02.80XD,S02.8XXD
S02.80XG,S02.8XXG
S02.80XK,S02.8XXK
S02.80XS,S02.8XXS
S02.81XA,S02.8XXA
S02.81XB,S02.8XXB
S02.81XD,S02.8XXD
S02.81XG,S02.8XXG
S02.81XK,S02.8XXK
S02.81XS,S02.8XXS
S02.82XA,S02.8XXA
S02.82XB,S02.8XXB
S02.82XD,S02.8XXD
S02.82XG,S02.8XXG
S02.82XK,S02.8XXK
S02.82XS,S02.8XXS
S02.831A,S02.81XA
S02.831B,S02.81XB
S02.831D,S02.81XD
S02.831G,S02.81XG
S02.831K,S02.81XK
S02.831S,S02.81XS
S02.832A,S02.82XA
S02.832B,S02.82XB
S02.832D,S02.82XD
S02.832G,S02.82XG
S02.832K,S02.82XK
S02.832S,S02.82XS
S02.839A,S02.80XA
S02.839B,S02.80XB
S02.839D,S02.80XD
S02.839G,S02.80XG
S02.839K,S02.80XK
S02.839S,S02.80XS
S02.841A,S02.81XA
S02.841B,S02.81XB
S02.841D,S02.81XD
S02.841G,S02.81XG
S02.841K,S02.81XK
S02.841S,S02.81XS
S02.842A,S02.82XA
S02.842B,S02.82XB
S02.842D,S02.82XD
S02.842G,S02.82XG
S02.842K,S02.82XK
S02.842S,S02.82XS
S02.849A,S02.80XA
S02.849B,S02.80XB
S02.849D,S02.80XD
S02.849G,S02.80XG
S02.849K,S02.80XK
S02.849S,S02.80XS
S02.85XA,S02.80XA
S02.85XB,S02.80XB
S02.85XD,S02.80XD
S02.85XG,S02.80XG
S02.85XK,S02.80XK
S02.85XS,S02.80XS
S03.00XA,S03.0XXA
S03.00XD,S03.0XXD
S03.00XS,S03.0XXS
S03.01XA,S03.0XXA
S03.01XD,S03.0XXD
S03.01XS,S03.0XXS
S03.02XA,S03.0XXA
S03.02XD,S03.0XXD
S03.02XS,S03.0XXS
S03.03XA,S03.0XXA
S03.03XD,S03.0XXD
S03.03XS,S03.0XXS
S03.40XA,S03.4XXA
S03.40XD,S03.4XXD
S03.40XS,S03.4XXS
S03.41XA,S03.4XXA
S03.41XD,S03.4XXD
S03.41XS,S03.4XXS
S03.42XA,S03.4XXA
S03.42XD,S03.4XXD
S03.42XS,S03.4XXS
S03.43XA,S03.4XXA
S03.43XD,S03.4XXD
S03.43XS,S03.4XXS
S06.0XAA,S06.0X9A
S06.0XAD,S06.0X9D
S06.0XAS,S06.0X9S
S06.1XAA,S06.1X9A
S06.1XAD,S06.1X9D
S06.1XAS,S06.1X9S
S06.2XAA,S06.2X9A
S06.2XAD,S06.2X9D
S06.2XAS,S06.2X9S
S06.30AA,S06.309A
S06.30AD,S06.309D
S06.30AS,S06.309S
S06.31AA,S06.319A
S06.31AD,S06.319D
S06.31AS,S06.319S
S06.32AA,S06.329A
S06.32AD,S06.329D
S06.32AS,S06.329S
S06.33AA,S06.339A
S06.33AD,S06.339D
S06.33AS,S06.339S
S06.34AA,S06.349A
S06.34AD,S06.349D
S06.34AS,S06.349S
S06.35AA,S06.359A
S06.35AD,S06.359D
S06.35AS,S06.359S
S06.36AA,S06.369A
S06.36AD,S06.369D
S06.36AS,S06.369S
S06.37AA,S06.379A
S06.37AD,S06.379D
S06.37AS,S06.379S
S06.38AA,S06.389A
S06.38AD,S06.389D
S06.38AS,S06.389S
S06.4XAA,S06.4X9A
S06.4XAD,S06.4X9D
S06.4XAS,S06.4X9S
S06.5XAA,S06.5X9A
S06.5XAD,S06.5X9D
S06.5XAS,S06.5X9S
S06.6XAA,S06.6X9A
S06.6XAD,S06.6X9D
S06.6XAS,S06.6X9S
S06.81AA,S06.819A
S06.81AD,S06.819D
S06.81AS,S06.819S
S06.82AA,S06.829A
S06.82AD,S06.829D
S06.82AS,S06.829S
S06.8A0A,S06.0X0A
S06.8A0D,S06.0X0D
S06.8A0S,S06.0X0S
S06.8A1A,S06.0X9A
S06.8A1D,S06.0X9D
S06.8A1S,S06.0X9S
S06.8A2A,S06.0X9A
S06.8A2D,S06.0X9D
S06.8A2S,S06.0X9S
S06.8A3A,S06.0X9A
S06.8A3D,S06.0X9D
S06.8A3S,S06.0X9S
S06.8A4A,S06.0X9A
S06.8A4D,S06.0X9D
S06.8A4S,S06.0X9S
S06.8A5A,S06.0X9A
S06.8A5D,S06.0X9D
S06.8A5S,S06.0X9S
S06.8A6A,S06.0X9A
S06.8A6D,S06.0X9D
S06.8A6S,S06.0X9S
S06.8A7A,S06.0X9A
S06.8A8A,S06.0X9A
S06.8AAA,S06.0X9A
S06.8AAD,S06.0X9D
S06.8AAS,S06.0X9S
S06.8A9A,S06.0X9A
S06.8A9D,S06.0X9D
S06.8A9S,S06.0X9S
S06.89AA,S06.0X9A
S06.89AD,S06.0X9D
S06.89AS,S06.0X9S
S06.9XAA,S06.9X9A
S06.9XAD,S06.9X9D
S06.9XAS,S06.9X9S
S06.A0XA,S06.890A-S06.899A
S06.A0XD,S06.890D-S06.899D
S06.A0XS,S06.890D-S06.899S
S06.A1XA,S06.890A-S06.899A
S06.A1XD,S06.890D-S06.899D
S06.A1XS,S06.890D-S06.899S
S20.213A,S20.211A and S20.212A
S20.213D,S20.211D and S20.212D
S20.213S,S20.211S and S20.212S
S20.214A,S20.211A; S20.212A; S20.219A
S20.214D,S20.211D; S20.212D; S20.219D
S20.214S,S20.211S; S20.212S; S20.219S
S20.223A,S20.221A and S20.222A
S20.223D,S20.212D and S20.222D
S20.223S,S20.221S and S20.222S
S20.224A,S20.221A; S20.222A; S20.229A
S20.224D,S20.221D; S20.222D; S20.229D
S20.224S,S20.221S; S20.222S; S20.229S
S20.303A,S20.301A and S20.302A
S20.303D,S20.301D and S20.302D
S20.303S,S20.301S and S20.302S
S20.304A,S20.301A; S20.302A; S20.309A
S20.304D,S20.301D; S20.302D; S20.309D
S20.304S,S20.301S; S20.302S; S20.309S
S20.313A,S20.311A and S20.312A
S20.313D,S20.311D and S20.312D
S20.313S,S20.311S and S20.312S
S20.314A,S20.311A; S20.312A; S20.319A
S20.314D,S20.311D; S20.312D; S20.319D
S20.314S,S20.311S; S20.312S; S20.319S
S20.323A,S20.321A and S20.322A
S20.323D,S20.321D and S20.322D
S20.323S,S20.321S and S20.322S
S20.324A,S20.321A; S20.322A; S20.329A
S20.324D,S20.321D; S20.322D; S20.329D
S20.324S,S20.321S; S20.322S; S20.329S
S20.343A,S20.341A and S20.342A
S20.343D,S20.341D and S20.342D
S20.343S,S20.341S and S20.342S
S20.344A,S20.341A; S20.342A; S20.349A
S20.344D,S20.341D; S20.342D; S20.349D
S20.344S,S20.341S; S20.342S; S20.349S
S20.353A,S20.351A and S20.352A
S20.353D,S20.351D and S20.352D
S20.353S,S20.351S and S20.352S
S20.354A,S20.351A; S20.352A; S20.359A
S20.354D,S20.351D; S20.352D; S20.359D
S20.354S,S20.351S; S20.352S; S20.359S
S20.363A,S20.361A and S20.362A
S20.363D,S20.361S and S20.362D
S20.363S,S20.361S and S20.362S
S20.364A,S20.361A; S20.362A; S20.369A
S20.364D,S20.361D; S20.362D; S20.369D
S20.364S,S20.361S; S20.362S; S20.369S
S20.373A,S20.371A and S20.372A
S20.373D,S20.371D and S20.372D
S20.373S,S20.371S and S20.372S
S20.374A,S20.371A; S20.372A; S20.379A
S20.374D,S20.371D; S20.372D; S20.379D
S20.374S,S20.371S; S20.372S; S20.379S
S92.811A,S92.901A
S92.811B,S92.901B
S92.811D,S92.901D
S92.811G,S92.901G
S92.811K,S92.901K
S92.811P,S92.901P
S92.811S,S92.901S
S92.812A,S92.902A
S92.812B,S92.902B
S92.812D,S92.902D
S92.812G,S92.902G
S92.812K,S92.902K
S92.812P,S92.902P
S92.812S,S92.902S
S92.819A,S92.909A
S92.819B,S92.909B
S92.819D,S92.909D
S92.819G,S92.909G
S92.819K,S92.909K
S92.819P,S92.909P
S92.819S,S92.909S
S99.001A,S92.001A
S99.001B,S92.001B
S99.001D,S92.001D
S99.001G,S92.001G
S99.001K,S92.001K
S99.001P,S92.001P
S99.001S,S92.001S
S99.002A,S92.002A
S99.002B,S92.002B
S99.002D,S92.002D
S99.002G,S92.002G
S99.002K,S92.002K
S99.002P,S92.002P
S99.002S,S92.002S
S99.009A,S92.009A
S99.009B,S92.009B
S99.009D,S92.009D
S99.009G,S92.009G
S99.009K,S92.009K
S99.009P,S92.009P
S99.009S,S92.009S
S99.011A,S92.001A
S99.011B,S92.001B
S99.011D,S92.001D
S99.011G,S92.001G
S99.011K,S92.001K
S99.011P,S92.001P
S99.011S,S92.001S
S99.012A,S92.002A
S99.012B,S92.002B
S99.012D,S92.002D
S99.012G,S92.002G
S99.012K,S92.002K
S99.012P,S92.002P
S99.012S,S92.002S
S99.019A,S92.009A
S99.019B,S92.009B
S99.019D,S92.009D
S99.019G,S92.009G
S99.019K,S92.009K
S99.019P,S92.009P
S99.019S,S92.009S
S99.021A,S92.009A
S99.021B,S92.009B
S99.021D,S92.009D
S99.021G,S92.009G
S99.021K,S92.009K
S99.021P,S92.009P
S99.021S,S92.009S
S99.022A,S92.009A
S99.022B,S92.009B
S99.022D,S92.009D
S99.022G,S92.009G
S99.022K,S92.009K
S99.022P,S92.009P
S99.022S,S92.009S
S99.029A,S92.009A
S99.029B,S92.009B
S99.029D,S92.009D
S99.029G,S92.009G
S99.029K,S92.009K
S99.029P,S92.009P
S99.029S,S92.009S
S99.031A,S92.009A
S99.031B,S92.009B
S99.031D,S92.009D
S99.031G,S92.009G
S99.031K,S92.009K
S99.031P,S92.009P
S99.031S,S92.009S
S99.032A,S92.009A
S99.032B,S92.009B
S99.032D,S92.009D
S99.032G,S92.009G
S99.032K,S92.009K
S99.032P,S92.009P
S99.032S,S92.009S
S99.039A,S92.009A
S99.039B,S92.009B
S99.039D,S92.009D
S99.039G,S92.009G
S99.039K,S92.009K
S99.039P,S92.009P
S99.039S,S92.009S
S99.041A,S92.009A
S99.041B,S92.009B
S99.041D,S92.009D
S99.041G,S92.009G
S99.041K,S92.009K
S99.041P,S92.009P
S99.041S,S92.009S
S99.042A,S92.009A
S99.042B,S92.009B
S99.042D,S92.009D
S99.042G,S92.009G
S99.042K,S92.009K
S99.042P,S92.009P
S99.042S,S92.009S
S99.049A,S92.009A
S99.049B,S92.009B
S99.049D,S92.009D
S99.049G,S92.009G
S99.049K,S92.009K
S99.049P,S92.009P
S99.049S,S92.009S
S99.091A,S92.009A
S99.091B,S92.009B
S99.091D,S92.009D
S99.091G,S92.009G
S99.091K,S92.009K
S99.091P,S92.009P
S99.091S,S92.009S
S99.092A,S92.009A
S99.092B,S92.009B
S99.092D,S92.009D
S99.092G,S92.009G
S99.092K,S92.009K
S99.092P,S92.009P
S99.092S,S92.009S
S99.099A,S92.009A
S99.099B,S92.009B
S99.099D,S92.009D
S99.099G,S92.009G
S99.099K,S92.009K
S99.099P,S92.009P
S99.099S,S92.009S
S99.101A,S92.009A
S99.101B,S92.009B
S99.101D,S92.009D
S99.101G,S92.009G
S99.101K,S92.009K
S99.101P,S92.009P
S99.101S,S92.009S
S99.102A,S92.009A
S99.102B,S92.009B
S99.102D,S92.009D
S99.102G,S92.009G
S99.102K,S92.009K
S99.102P,S92.009P
S99.102S,S92.009S
S99.109A,S92.009A
S99.109B,S92.009B
S99.109D,S92.009D
S99.109G,S92.009G
S99.109K,S92.009K
S99.109P,S92.009P
S99.109S,S92.009S
S99.111A,S92.009A
S99.111B,S92.009B
S99.111D,S92.009D
S99.111G,S92.009G
S99.111K,S92.009K
S99.111P,S92.009P
S99.111S,S92.009S
S99.112A,S92.009A
S99.112B,S92.009B
S99.112D,S92.009D
S99.112G,S92.009G
S99.112K,S92.009K
S99.112P,S92.009P
S99.112S,S92.009S
S99.119A,S92.009A
S99.119B,S92.009B
S99.119D,S92.009D
S99.119G,S92.009G
S99.119K,S92.009K
S99.119P,S92.009P
S99.119S,S92.009S
S99.121A,S92.009A
S99.121B,S92.009B
S99.121D,S92.009D
S99.121G,S92.009G
S99.121K,S92.009K
S99.121P,S92.009P
S99.121S,S92.009S
S99.122A,S92.009A
S99.122B,S92.009B
S99.122D,S92.009D
S99.122G,S92.009G
S99.122K,S92.009K
S99.122P,S92.009P
S99.122S,S92.009S
S99.129A,S92.009A
S99.129B,S92.009B
S99.129D,S92.009D
S99.129G,S92.009G
S99.129K,S92.009K
S99.129P,S92.009P
S99.129S,S92.009S
S99.131A,S92.009A
S99.131B,S92.009B
S99.131D,S92.009D
S99.131G,S92.009G
S99.131K,S92.009K
S99.131P,S92.009P
S99.131S,S92.009S
S99.132A,S92.009A
S99.132B,S92.009B
S99.132D,S92.009D
S99.132G,S92.009G
S99.132K,S92.009K
S99.132P,S92.009P
S99.132S,S92.009S
S99.139A,S92.009A
S99.139B,S92.009B
S99.139D,S92.009D
S99.139G,S92.009G
S99.139K,S92.009K
S99.139P,S92.009P
S99.139S,S92.009S
S99.141A,S92.009A
S99.141B,S92.009B
S99.141D,S92.009D
S99.141G,S92.009G
S99.141K,S92.009K
S99.141P,S92.009P
S99.141S,S92.009S
S99.142A,S92.009A
S99.142B,S92.009B
S99.142D,S92.009D
S99.142G,S92.009G
S99.142K,S92.009K
S99.142P,S92.009P
S99.142S,S92.009S
S99.149A,S92.009A
S99.149B,S92.009B
S99.149D,S92.009D
S99.149G,S92.009G
S99.149K,S92.009K
S99.149P,S92.009P
S99.149S,S92.009S
S99.191A,S92.009A
S99.191B,S92.009B
S99.191D,S92.009D
S99.191G,S92.009G
S99.191K,S92.009K
S99.191P,S92.009P
S99.191S,S92.009S
S99.192A,S92.009A
S99.192B,S92.009B
S99.192D,S92.009D
S99.192G,S92.009G
S99.192K,S92.009K
S99.192P,S92.009P
S99.192S,S92.009S
S99.199A,S92.009A
S99.199B,S92.009B
S99.199D,S92.009D
S99.199G,S92.009G
S99.199K,S92.009K
S99.199P,S92.009P
S99.199S,S92.009S
S99.201A,S92.009A
S99.201B,S92.009B
S99.201D,S92.009D
S99.201G,S92.009G
S99.201K,S92.009K
S99.201P,S92.009P
S99.201S,S92.009S
S99.202A,S92.009A
S99.202B,S92.009B
S99.202D,S92.009D
S99.202G,S92.009G
S99.202K,S92.009K
S99.202P,S92.009P
S99.202S,S92.009S
S99.209A,S92.009A
S99.209B,S92.009B
S99.209D,S92.009D
S99.209G,S92.009G
S99.209K,S92.009K
S99.209P,S92.009P
S99.209S,S92.009S
S99.211A,S92.009A
S99.211B,S92.009B
S99.211D,S92.009D
S99.211G,S92.009G
S99.211K,S92.009K
S99.211P,S92.009P
S99.211S,S92.009S
S99.212A,S92.009A
S99.212B,S92.009B
S99.212D,S92.009D
S99.212G,S92.009G
S99.212K,S92.009K
S99.212P,S92.009P
S99.212S,S92.009S
S99.219A,S92.009A
S99.219B,S92.009B
S99.219D,S92.009D
S99.219G,S92.009G
S99.219K,S92.009K
S99.219P,S92.009P
S99.219S,S92.009S
S99.221A,S92.009A
S99.221B,S92.009B
S99.221D,S92.009D
S99.221G,S92.009G
S99.221K,S92.009K
S99.221P,S92.009P
S99.221S,S92.009S
S99.222A,S92.009A
S99.222B,S92.009B
S99.222D,S92.009D
S99.222G,S92.009G
S99.222K,S92.009K
S99.222P,S92.009P
S99.222S,S92.009S
S99.229A,S92.009A
S99.229B,S92.009B
S99.229D,S92.009D
S99.229G,S92.009G
S99.229K,S92.009K
S99.229P,S92.009P
S99.229S,S92.009S
S99.231A,S92.009A
S99.231B,S92.009B
S99.231D,S92.009D
S99.231G,S92.009G
S99.231K,S92.009K
S99.231P,S92.009P
S99.231S,S92.009S
S99.232A,S92.009A
S99.232B,S92.009B
S99.232D,S92.009D
S99.232G,S92.009G
S99.232K,S92.009K
S99.232P,S92.009P
S99.232S,S92.009S
S99.239A,S92.009A
S99.239B,S92.009B
S99.239D,S92.009D
S99.239G,S92.009G
S99.239K,S92.009K
S99.239P,S92.009P
S99.239S,S92.009S
S99.241A,S92.009A
S99.241B,S92.009B
S99.241D,S92.009D
S99.241G,S92.009G
S99.241K,S92.009K
S99.241P,S92.009P
S99.241S,S92.009S
S99.242A,S92.009A
S99.242B,S92.009B
S99.242D,S92.009D
S99.242G,S92.009G
S99.242K,S92.009K
S99.242P,S92.009P
S99.242S,S92.009S
S99.249A,S92.009A
S99.249B,S92.009B
S99.249D,S92.009D
S99.249G,S92.009G
S99.249K,S92.009K
S99.249P,S92.009P
S99.249S,S92.009S
S99.291A,S92.009A
S99.291B,S92.009B
S99.291D,S92.009D
S99.291G,S92.009G
S99.291K,S92.009K
S99.291P,S92.009P
S99.291S,S92.009S
S99.292A,S92.009A
S99.292B,S92.009B
S99.292D,S92.009D
S99.292G,S92.009G
S99.292K,S92.009K
S99.292P,S92.009P
S99.292S,S92.009S
S99.299A,S92.009A
S99.299B,S92.009B
S99.299D,S92.009D
S99.299G,S92.009G
S99.299K,S92.009K
S99.299P,S92.009P
S99.299S,S92.009S
T07.XXXA,T07
T07.XXXD,T07
T07.XXXS,T07
T14.8XXA,T14.8
T14.8XXD,T14.8
T14.8XXS,T14.8
T14.90XA,T14.90
T14.90XD,T14.90
T14.90XS,T14.90
T14.91XA,T14.91
T14.91XD,T14.91
T14.91XS,T14.91
T40.411A,T40.4X1A
T40.411D,T40.4X1D
T40.411S,T40.4X1S
T40.412A,T40.4X2A
T40.412D,T40.4X2D
T40.412S,T40.4X2S
T40.413A,T40.4X3A
T40.413D,T40.4X3D
T40.413S,T40.4X3S
T40.414A,T40.4X4A
T40.414D,T40.4X4D
T40.414S,T40.4X4S
T40.415A,T40.4X5A
T40.415D,T40.4X5D
T40.415S,T40.4X5S
T40.416A,T40.4X6A
T40.416D,T40.4X6D
T40.416S,T40.4X6S
T40.421A,T40.4X1A
T40.421D,T40.4X1D
T40.421S,T40.4X1S
T40.422A,T40.4X2A
T40.422D,T40.4X2D
T40.422S,T40.4X2S
T40.423A,T40.4X3A
T40.423D,T40.4X3D
T40.423S,T40.4X3S
T40.424A,T40.4X4A
T40.424D,T40.4X4D
T40.424S,T40.4X4S
T40.425A,T40.4X5A
T40.425D,T40.4X5D
T40.425S,T40.4X5S
T40.426A,T40.4X6A
T40.426D,T40.4X6D
T40.426S,T40.4X6S
T40.491A,T40.4X1A
T40.491D,T40.4X1D
T40.491S,T40.4X1S
T40.492A,T40.4X2A
T40.492D,T40.4X2D
T40.492S,T40.4X2S
T40.493A,T40.4X3A
T40.493D,T40.4X3D
T40.493S,T40.4X3S
T40.494A,T40.4X4A
T40.494D,T40.4X4D
T40.494S,T40.4X4S
T40.495A,T40.4X5A
T40.495D,T40.4X5D
T40.495S,T40.4X5S
T40.496A,T40.4X6A
T40.496D,T40.4X6D
T40.496S,T40.4X6S
T40.711A,T40.7X1A
T40.711D,T40.7X1D
T40.711S,T40.7X1S
T40.712A,T40.7X2A
T40.712D,T40.7X2D
T40.712S,T40.7X2S
T40.713A,T40.7X3A
T40.713D,T40.7X3D 
T40.713S,T40.7X3S
T40.714A,T40.7X4A 
T40.714D,T40.7X4D
T40.714S,T40.7X4S
T40.715A,T40.7X5A
T40.715D,T40.7X5D
T40.715S,T40.7X5S
T40.716A,T40.7X6A
T40.716D,T40.7X6D
T40.716S,T40.7X6S
T40.721A,T40.7X1A
T40.721D,T40.7X1D
T40.721S,T40.7X1S
T40.722A,T40.7X2A
T40.722D,T40.7X2D
T40.722S,T40.7X2S
T40.723A,T40.7X3A
T40.723D,T40.7X3D 
T40.723S,T40.7X3S
T40.724A,T40.7X4A 
T40.724D,T40.7X4D
T40.724S,T40.7X4S
T40.725A,T40.7X5A
T40.725D,T40.7X5D
T40.725S,T40.7X5S
T40.726A,T40.7X6A
T40.726D,T40.7X6D
T40.726S,T40.7X6S
T43.641A,T43.621A
T43.641D,T43.621D
T43.641S,T43.621S
T43.642A,T43.622A
T43.642D,T43.622D
T43.642S,T43.622S
T43.643A,T43.623A
T43.643D,T43.623D
T43.643S,T43.623S
T43.644A,T43.624A
T43.644D,T43.624D
T43.644S,T43.624S
T43.651A,T43.621A
T43.651D,T43.621D
T43.651S,T43.621S
T43.652A,T43.622A
T43.652D,T43.621D
T43.652S,T43.621S
T43.653A,T43.623A
T43.653D,T43.623D
T43.653S,T43.623S
T43.654A,T43.624A
T43.654D,T43.624D
T43.654S,T43.624S
T43.655A,T43.625A
T43.655D,T43.625D
T43.655S,T43.625S
T43.656A,T43.626A
T43.656D,T43.626D
T43.656S,T43.626S
T50.911A,T50.991A
T50.911D,T50.991D
T50.911S,T50.991S
T50.912A,T50.992A
T50.912D,T50.992D
T50.912S,T50.992S
T50.913A,T50.993A
T50.913D,T50.993D
T50.913S,T50.993S
T50.914A,T50.994A
T50.914D,T50.994D
T50.914S,T50.994S
T50.915A,T50.995A
T50.915D,T50.995D
T50.915S,T50.995S
T50.916A,T50.996A
T50.916D,T50.996D
T50.916S,T50.996S
T56.821A,T56.891A
T56.821D,T56.891D
T56.821S,T56.891S
T56.822A,T56.892A 
T56.822D,T56.892D
T56.822S,T56.892S
T56.823A,T56.893A
T56.823D,T56.893D
T56.823S,T56.893S
T56.824A,T56.894A
T56.824D,T56.894D
T56.824S,T56.894S
T67.01XA,T67.0XXA
T67.01XD,T67.0XXD
T67.01XS,T67.0XXS
T67.02XA,T67.0XXA
T67.02XD,T67.0XXD
T67.02XS,T67.0XXS
T67.09XA,T67.0XXA
T67.09XD,T67.0XXD
T67.09XS,T67.0XXS
T74.51XA,T74.21XA
T74.51XD,T74.21XD
T74.51XS,T74.21XS
T74.52XA,T74.22XA
T74.52XD,T74.22XD
T74.52XS,T74.22XS
T74.61XA,T74.11XA
T74.61XD,T74.11XD
T74.61XS,T74.11XS
T74.62XA,T74.12XA
T74.62XD,T74.12XD
T74.62XS,T74.12XS
T74.A1XA,T74.91XA
T74.A1XD,T74.91XD
T74.A1XS,T74.91XS
T74.A2XA,T74.92XA
T74.A2XD,T74.92XD
T74.A2XS,T74.92XS
T76.51XA,T76.21XA
T76.51XD,T76.21XD
T76.51XS,T76.21XS
T76.52XA,T76.22XA
T76.52XD,T76.22XD
T76.52XS,T76.22XS
T76.61XA,T76.11XA
T76.61XD,T76.11XD
T76.61XS,T76.11XS
T76.62XA,T76.12XA
T76.62XD,T76.12XD
T76.62XS,T76.12XS
T76.A1XA,T76.91XA
T76.A1XD,T76.91XD
T76.A1XS,T76.91XS
T76.A2XA,T76.92XA
T76.A2XD,T76.92XD
T76.A2XS,T76.92XS
T80.82XA,T80.89XA
T80.82XD,T80.89XD
T80.82XS,T80.89XS
T81.40XA,T81.4XXA
T81.40XD,T81.4XXD
T81.40XS,T81.4XXS
T81.41XA,T81.4XXA
T81.41XD,T81.4XXD
T81.41XS,T81.4XXS
T81.42XA,T81.4XXA
T81.42XD,T81.4XXD
T81.42XS,T81.4XXS
T81.43XA,T81.4XXA
T81.43XD,T81.4XXD
T81.43XS,T81.4XXS
T81.44XA,T81.4XXA
T81.44XD,T81.4XXD
T81.44XS,T81.4XXS
T81.49XA,T81.4XXA
T81.49XD,T81.4XXD
T81.49XS,T81.4XXS
T82.855A,T82.857A
T82.855D,T82.857D
T82.855S,T82.857S
T82.856A,T82.858A
T82.856D,T82.858D
T82.856S,T82.858S
T83.011A,T83.018A
T83.011D,T83.018D
T83.011S,T83.018S
T83.012A,T83.018A
T83.012D,T83.018D
T83.012S,T83.018S
T83.021A,T83.028A
T83.021D,T83.028D
T83.021S,T83.028S
T83.022A,T83.028A
T83.022D,T83.028D
T83.022S,T83.028S
T83.031A,T83.038A
T83.031D,T83.038D
T83.031S,T83.038S
T83.032A,T83.038A
T83.032D,T83.038D
T83.032S,T83.038S
T83.091A,T83.098A
T83.091D,T83.098D
T83.091S,T83.098S
T83.092A,T83.098A
T83.092D,T83.098D
T83.092S,T83.098S
T83.113A,T83.118A
T83.113D,T83.118D
T83.113S,T83.118S
T83.123A,T83.128A
T83.123D,T83.128D
T83.123S,T83.128S
T83.193A,T83.198A
T83.193D,T83.198D
T83.193S,T83.198S
T83.24XA,T83.29XA
T83.24XD,T83.29XD
T83.24XS,T83.29XS
T83.25XA,T83.29XA
T83.25XD,T83.29XD
T83.25XS,T83.29XS
T83.411A,T83.418A
T83.411D,T83.418D
T83.411S,T83.418S
T83.421A,T83.428A
T83.421D,T83.428D
T83.421S,T83.428S
T83.491A,T83.498A
T83.491D,T83.498D
T83.491S,T83.498S
T83.510A,T83.51XA
T83.510D,T83.51XD
T83.510S,T83.51XS
T83.511A,T83.51XA
T83.511D,T83.51XD
T83.511S,T83.51XS
T83.512A,T83.51XA
T83.512D,T83.51XD
T83.512S,T83.51XS
T83.518A,T83.51XA
T83.518D,T83.51XD
T83.518S,T83.51XS
T83.590A,T83.59XA
T83.590D,T83.59XD
T83.590S,T83.59XS
T83.591A,T83.59XA
T83.591D,T83.59XD
T83.591S,T83.59XS
T83.592A,T83.59XA
T83.592D,T83.59XD
T83.592S,T83.59XS
T83.593A,T83.59XA
T83.593D,T83.59XD
T83.593S,T83.59XS
T83.598A,T83.59XA
T83.598D,T83.59XD
T83.598S,T83.59XS
T83.61XA,T83.6XXA
T83.61XD,T83.6XXD
T83.61XS,T83.6XXS
T83.62XA,T83.6XXA
T83.62XD,T83.6XXD
T83.62XS,T83.6XXS
T83.69XA,T83.6XXA
T83.69XD,T83.6XXD
T83.69XS,T83.6XXS
T83.712A,T83.718A
T83.712D,T83.718D
T83.712S,T83.718S
T83.713A,T83.718A
T83.713D,T83.718D
T83.713S,T83.718S
T83.714A,T83.718A
T83.714D,T83.718D
T83.714S,T83.718S
T83.719A,T83.718A
T83.719D,T83.718D
T83.719S,T83.718S
T83.722A,T83.728A
T83.722D,T83.728D
T83.722S,T83.728S
T83.723A,T83.728A
T83.723D,T83.728D
T83.723S,T83.728S
T83.724A,T83.728A
T83.724D,T83.728D
T83.724S,T83.728S
T83.729A,T83.728A
T83.729D,T83.728D
T83.729S,T83.728S
T83.79XA,T83.89XA
T83.79XD,T83.89XD
T83.79XS,T83.89XS
T85.113A,"T85.110A
T85.113D,"T85.110D
T85.113S,"T85.110S
T85.123A,"T85.120A
T85.123D,"T85.120A
T85.123S,"T85.120A
T85.193A,"T85.190A
T85.193D,"T85.190A
T85.193S,"T85.190A
T85.615A,T85.618A
T85.615D,T85.618D
T85.615S,T85.618S
T85.625A,T85.628A
T85.625D,T85.628D
T85.625S,T85.628S
T85.635A,T85.638A
T85.635D,T85.638D
T85.635S,T85.638S
T85.695A,T85.698A
T85.695D,T85.698D
T85.695S,T85.698S
T85.730A,T85.79XA
T85.730D,T85.79XD
T85.730S,T85.79XS
T85.731A,T85.79XA
T85.731D,T85.79XD
T85.731S,T85.79XS
T85.732A,T85.79XA
T85.732D,T85.79XD
T85.732S,T85.79XS
T85.733A,T85.79XA
T85.733D,T85.79XD
T85.733S,T85.79XS
T85.734A,T85.79XA
T85.734D,T85.79XD
T85.734S,T85.79XS
T85.735A,T85.79XA
T85.735D,T85.79XD
T85.735S,T85.79XS
T85.738A,T85.79XA
T85.738D,T85.79XD
T85.738S,T85.79XS
T85.810A,T85.81XA
T85.810D,T85.81XD
T85.810S,T85.81XS
T85.818A,T85.81XA
T85.818D,T85.81XD
T85.818S,T85.81XS
T85.820A,T85.82XA
T85.820D,T85.82XD
T85.820S,T85.82XS
T85.828A,T85.82XA
T85.828D,T85.82XD
T85.828S,T85.82XS
T85.830A,T85.83XA
T85.830D,T85.83XD
T85.830S,T85.83XS
T85.838A,T85.83XA
T85.838D,T85.83XD
T85.838S,T85.83XS
T85.840A,T85.84XA
T85.840D,T85.84XD
T85.840S,T85.84XS
T85.848A,T85.84XA
T85.848D,T85.84XD
T85.848S,T85.84XS
T85.850A,T85.85XA
T85.850D,T85.85XD
T85.850S,T85.85XS
T85.858A,T85.85XA
T85.858D,T85.85XD
T85.858S,T85.85XS
T85.860A,T85.86XA
T85.860D,T85.86XD
T85.860S,T85.86XS
T85.868A,T85.86XA
T85.868D,T85.86XD
T85.868S,T85.86XS
T85.890A,T85.89XA
T85.890D,T85.89XD
T85.890S,T85.89XS
T85.898A,T85.89XA
T85.898D,T85.89XD
T85.898S,T85.89XS
T86.8401,T86.840
T86.8402,T86.840
T86.8403,T86.840
T86.8409,T86.840
T86.8411,T86.841
T86.8412,T86.841
T86.8413,T86.841
T86.8419,T86.841
T86.8421,T86.842
T86.8422,T86.842
T86.8423,T86.842
T86.8429,T86.842
T86.8481,T86.848
T86.8482,T86.848
T86.8483,T86.848
T86.8489,T86.848
T86.8491,T86.849
T86.8492,T86.849
T86.8493,T86.849
T86.8499,T86.849
T88.53XA,T88.59XA
T88.53XD,T88.59XD
T88.53XS,T88.59XS
U07.0,"J68.0
U07.1,B97.29
U09.9,B94.9
V00.031A,V00.09XA
V00.031D,V00.09XD
V00.031S,V00.09XS
V00.038A,V00.09XA
V00.038D,V00.09XD
V00.038S,V00.09XS
V00.841A,V00.891A
V00.841D,V00.891D
V00.841S,V00.891S
V00.842A,V00.892A
V00.842D,V00.892D
V00.842S,V00.892S
V00.848A,V00.898A
V00.848D,V00.898D
V00.848S,V00.898S
V01.031A,V01.09XA
V01.031D,V01.09XD
V01.031S,V01.09XS
V01.038A,V01.09XA
V01.038D,V01.09XD
V01.038S,V01.09XS
V01.131A,V01.19XA
V01.131D,V01.19XD
V01.131S,V01.19XS
V01.138A,V01.19XA
V01.138D,V01.19XD
V01.138S,V01.19XS
V01.931A,V01.99XA
V01.931D,V01.99XD
V01.931S,V01.99XS
V01.938A,V01.99XA
V01.938D,V01.99XD
V01.938S,V01.99XS
V02.031A,V02.09XA
V02.031D,V02.09XD
V02.031S,V02.09XS
V02.038A,V02.09XA
V02.038D,V02.09XD
V02.038S,V02.09XS
V02.131A,V02.19XA
V02.131D,V02.19XD
V02.131S,V02.19XS
V02.138A,V02.19XA
V02.138D,V02.19XD
V02.138S,V02.19XS
V02.931A,V02.99XA
V02.931D,V02.99XD
V02.931S,V02.99XS
V02.938A,V02.99XA
V02.938D,V02.99XD
V02.938S,V02.99XS
V03.031A,V03.09XA
V03.031D,V03.09XD
V03.031S,V03.09XS
V03.038A,V03.09XA
V03.038D,V03.09XD
V03.038S,V03.09XS
V03.131A,V03.19XA
V03.131D,V03.19XD
V03.131S,V03.19XS
V03.138A,V03.19XA
V03.138D,V03.19XD
V03.138S,V03.19XS
V03.931A,V03.99XA
V03.931D,V03.99XD
V03.931S,V03.99XS
V03.938A,V03.99XA
V03.938D,V03.99XD
V03.938S,V03.99XS
V04.031A,V04.09XA
V04.031D,V04.09XD
V04.031S,V04.09XS
V04.038A,V04.09XA
V04.038D,V04.09XD
V04.038S,V04.09XS
V04.131A,V04.19XA
V04.131D,V04.19XD
V04.131S,V04.19XS
V04.138A,V04.19XA
V04.138D,V04.19XD
V04.138S,V04.19XS
V04.931A,V04.99XA
V04.931D,V04.99XD
V04.931S,V04.99XS
V04.938A,V04.99XA
V04.938D,V04.99XD
V04.938S,V04.99XS
V05.031A,V05.09XA
V05.031D,V05.09XD
V05.031S,V05.09XS
V05.038A,V05.09XA
V05.038D,V05.09XD
V05.038S,V05.09XS
V05.131A,V05.19XA
V05.131D,V05.19XD
V05.131S,V05.19XS
V05.138A,V05.19XA
V05.138D,V05.19XD
V05.138S,V05.19XS
V05.931A,V05.99XA
V05.931D,V05.99XD
V05.931S,V05.99XS
V05.938A,V05.99XA
V05.938D,V05.99XD
V05.938S,V05.99XS
V06.031A,V06.09XA
V06.031D,V06.09XD
V06.031S,V06.09XS
V06.038A,V06.09XA
V06.038D,V06.09XD
V06.038S,V06.09XS
V06.131A,V06.19XA
V06.131D,V06.19XD
V06.131S,V06.19XS
V06.138A,V06.19XA
V06.138D,V06.19XD
V06.138S,V06.19XS
V06.931A,V06.99XA
V06.931D,V06.99XD
V06.931S,V06.99XS
V06.938A,V06.99XA
V06.938D,V06.99XD
V06.938S,V06.99XS
V20.01XA,V20.0XXA
V20.01XD,V20.0XXD
V20.01XS,V20.0XXS
V20.09XA,V20.0XXA
V20.09XD,V20.0XXD
V20.09XS,V20.0XXS
V20.11XA,V20.1XXA
V20.11XD,V20.1XXD
V20.11XS,V20.1XXS
V20.19XA,V20.1XXA
V20.19XD,V20.1XXD
V20.19XS,V20.1XXS
V20.21XA,V20.2XXA
V20.21XD,V20.2XXD
V20.21XS,V20.2XXS
V20.29XA,V20.2XXA
V20.29XD,V20.2XXD
V20.29XS,V20.2XXS
V20.31XA,V20.3XXA
V20.31XD,V20.3XXD
V20.31XS,V20.3XXS
V20.39XA,V20.3XXA
V20.39XD,V20.3XXD
V20.39XS,V20.3XXS
V20.41XA,V20.4XXA
V20.41XD,V20.4XXD
V20.41XS,V20.4XXS
V20.49XA,V20.4XXA
V20.49XD,V20.4XXD
V20.49XS,V20.4XXS
V20.51XA,V20.5XXA
V20.51XD,V20.5XXD
V20.51XS,V20.5XXS
V20.59XA,V20.5XXA
V20.59XD,V20.5XXD
V20.59XS,V20.5XXS
V20.91XA,V20.9XXA
V20.91XD,V20.9XXD
V20.91XS,V20.9XXS
V20.99XA,V20.9XXA
V20.99XD,V20.9XXD
V20.99XS,V20.9XXS
V21.01XA,V21.0XXA
V21.01XD,V21.0XXD
V21.01XS,V21.0XXS
V21.09XA,V21.0XXA
V21.09XD,V21.0XXD
V21.09XS,V21.0XXS
V21.11XA,V21.1XXA
V21.11XD,V21.1XXD
V21.11XS,V21.1XXS
V21.19XA,V21.1XXA
V21.19XD,V21.1XXD
V21.19XS,V21.1XXS
V21.21XA,V21.2XXA
V21.21XD,V21.2XXD
V21.21XS,V21.2XXS
V21.29XA,V21.2XXA
V21.29XD,V21.2XXD
V21.29XS,V21.2XXS
V21.31XA,V21.3XXA
V21.31XD,V21.3XXD
V21.31XS,V21.3XXS
V21.39XA,V21.3XXA
V21.39XD,V21.3XXD
V21.39XS,V21.3XXS
V21.41XA,V21.4XXA
V21.41XD,V21.4XXD
V21.41XS,V21.4XXS
V21.49XA,V21.4XXA
V21.49XD,V21.4XXD
V21.49XS,V21.4XXS
V21.51XA,V21.5XXA
V21.51XD,V21.5XXD
V21.51XS,V21.5XXS
V21.59XA,V21.5XXA
V21.59XD,V21.5XXD
V21.59XS,V21.5XXS
V21.91XA,V21.9XXA
V21.91XD,V21.9XXD
V21.91XS,V21.9XXS
V21.99XA,V21.9XXA
V21.99XD,V21.9XXD
V21.99XS,V21.9XXS
V22.01XA,V22.0XXA
V22.01XD,V22.0XXD
V22.01XS,V22.0XXS
V22.09XA,V22.0XXA
V22.09XD,V22.0XXD
V22.09XS,V22.0XXS
V22.11XA,V22.1XXA
V22.11XD,V22.1XXD
V22.11XS,V22.1XXS
V22.19XA,V22.1XXA
V22.19XD,V22.1XXD
V22.19XS,V22.1XXS
V22.21XA,V22.2XXA
V22.21XD,V22.2XXD
V22.21XS,V22.2XXS
V22.29XA,V22.2XXA
V22.29XD,V22.2XXD
V22.29XS,V22.2XXS
V22.31XA,V22.3XXA
V22.31XD,V22.3XXD
V22.31XS,V22.3XXS
V22.39XA,V22.3XXA
V22.39XD,V22.3XXD
V22.39XS,V22.3XXS
V22.41XA,V22.4XXA
V22.41XD,V22.4XXD
V22.41XS,V22.4XXS
V22.49XA,V22.4XXA
V22.49XD,V22.4XXD
V22.49XS,V22.4XXS
V22.51XA,V22.5XXA
V22.51XD,V22.5XXD
V22.51XS,V22.5XXS
V22.59XA,V22.5XXA
V22.59XD,V22.5XXD
V22.59XS,V22.5XXS
V22.91XA,V22.9XXA
V22.91XD,V22.9XXD
V22.91XS,V22.9XXS
V22.99XA,V22.9XXA
V22.99XD,V22.9XXD
V22.99XS,V22.9XXS
V23.01XA,V23.0XXA
V23.01XD,V23.0XXD
V23.01XS,V23.0XXS
V23.09XA,V23.0XXA
V23.09XD,V23.0XXD
V23.09XS,V23.0XXS
V23.11XA,V23.1XXA
V23.11XD,V23.1XXD
V23.11XS,V23.1XXS
V23.19XA,V23.1XXA
V23.19XD,V23.1XXD
V23.19XS,V23.1XXS
V23.21XA,V23.2XXA
V23.21XD,V23.2XXD
V23.21XS,V23.2XXS
V23.29XA,V23.2XXA
V23.29XD,V23.2XXD
V23.29XS,V23.2XXS
V23.31XA,V23.3XXA
V23.31XD,V23.3XXD
V23.31XS,V23.3XXS
V23.39XA,V23.3XXA
V23.39XD,V23.3XXD
V23.39XS,V23.3XXS
V23.41XA,V23.4XXA
V23.41XD,V23.4XXD
V23.41XS,V23.4XXS
V23.49XA,V23.4XXA
V23.49XD,V23.4XXD
V23.49XS,V23.4XXS
V23.51XA,V23.5XXA
V23.51XD,V23.5XXD
V23.51XS,V23.5XXS
V23.59XA,V23.5XXA
V23.59XD,V23.5XXD
V23.59XS,V23.5XXS
V23.91XA,V23.9XXA
V23.91XD,V23.9XXD
V23.91XS,V23.9XXS
V23.99XA,V23.9XXA
V23.99XD,V23.9XXD
V23.99XS,V23.9XXS
V24.01XA,V24.0XXA
V24.01XD,V24.0XXD
V24.01XS,V24.0XXS
V24.09XA,V24.0XXA
V24.09XD,V24.0XXD
V24.09XS,V24.0XXS
V24.11XA,V24.1XXA
V24.11XD,V24.1XXD
V24.11XS,V24.1XXS
V24.19XA,V24.1XXA
V24.19XD,V24.1XXD
V24.19XS,V24.1XXS
V24.21XA,V24.2XXA
V24.21XD,V24.2XXD
V24.21XS,V24.2XXS
V24.29XA,V24.2XXA
V24.29XD,V24.2XXD
V24.29XS,V24.2XXS
V24.31XA,V24.3XXA
V24.31XD,V24.3XXD
V24.31XS,V24.3XXS
V24.39XA,V24.3XXA
V24.39XD,V24.3XXD
V24.39XS,V24.3XXS
V24.41XA,V24.4XXA
V24.41XD,V24.4XXD
V24.41XS,V24.4XXS
V24.49XA,V24.4XXA
V24.49XD,V24.4XXD
V24.49XS,V24.4XXS
V24.51XA,V24.5XXA
V24.51XD,V24.5XXD
V24.51XS,V24.5XXS
V24.59XA,V24.5XXA
V24.59XD,V24.5XXD
V24.59XS,V24.5XXS
V24.91XA,V24.9XXA
V24.91XD,V24.9XXD
V24.91XS,V24.9XXS
V24.99XA,V24.9XXA
V24.99XD,V24.9XXD
V24.99XS,V24.9XXS
V25.01XA,V25.0XXA
V25.01XD,V25.0XXD
V25.01XS,V25.0XXS
V25.09XA,V25.0XXA
V25.09XD,V25.0XXD
V25.09XS,V25.0XXS
V25.11XA,V25.1XXA
V25.11XD,V25.1XXD
V25.11XS,V25.1XXS
V25.19XA,V25.1XXA
V25.19XD,V25.1XXD
V25.19XS,V25.1XXS
V25.21XA,V25.2XXA
V25.21XD,V25.2XXD
V25.21XS,V25.2XXS
V25.29XA,V25.2XXA
V25.29XD,V25.2XXD
V25.29XS,V25.2XXS
V25.31XA,V25.3XXA
V25.31XD,V25.3XXD
V25.31XS,V25.3XXS
V25.39XA,V25.3XXA
V25.39XD,V25.3XXD
V25.39XS,V25.3XXS
V25.41XA,V25.4XXA
V25.41XD,V25.4XXD
V25.41XS,V25.4XXS
V25.49XA,V25.4XXA
V25.49XD,V25.4XXD
V25.49XS,V25.4XXS
V25.51XA,V25.5XXA
V25.51XD,V25.5XXD
V25.51XS,V25.5XXS
V25.59XA,V25.5XXA
V25.59XD,V25.5XXD
V25.59XS,V25.5XXS
V25.91XA,V25.9XXA
V25.91XD,V25.9XXD
V25.91XS,V25.9XXS
V25.99XA,V25.9XXA
V25.99XD,V25.9XXD
V25.99XS,V25.9XXS
V26.01XA,V26.0XXA
V26.01XD,V26.0XXD
V26.01XS,V26.0XXS
V26.09XA,V26.0XXA
V26.09XD,V26.0XXD
V26.09XS,V26.0XXS
V26.11XA,V26.1XXA
V26.11XD,V26.1XXD
V26.11XS,V26.1XXS
V26.19XA,V26.1XXA
V26.19XD,V26.1XXD
V26.19XS,V26.1XXS
V26.21XA,V26.2XXA
V26.21XD,V26.2XXD
V26.21XS,V26.2XXS
V26.29XA,V26.2XXA
V26.29XD,V26.2XXD
V26.29XS,V26.2XXS
V26.31XA,V26.3XXA
V26.31XD,V26.3XXD
V26.31XS,V26.3XXS
V26.39XA,V26.3XXA
V26.39XD,V26.3XXD
V26.39XS,V26.3XXS
V26.41XA,V26.4XXA
V26.41XD,V26.4XXD
V26.41XS,V26.4XXS
V26.49XA,V26.4XXA
V26.49XD,V26.4XXD
V26.49XS,V26.4XXS
V26.51XA,V26.5XXA
V26.51XD,V26.5XXD
V26.51XS,V26.5XXS
V26.59XA,V26.5XXA
V26.59XD,V26.5XXD
V26.59XS,V26.5XXS
V26.91XA,V26.9XXA
V26.91XD,V26.9XXD
V26.91XS,V26.9XXS
V26.99XA,V26.9XXA
V26.99XD,V26.9XXD
V26.99XS,V26.9XXS
V27.01XA,V27.0XXA
V27.01XD,V27.0XXD
V27.01XS,V27.0XXS
V27.09XA,V27.0XXA
V27.09XD,V27.0XXD
V27.09XS,V27.0XXS
V27.11XA,V27.1XXA
V27.11XD,V27.1XXD
V27.11XS,V27.1XXS
V27.19XA,V27.1XXA
V27.19XD,V27.1XXD
V27.19XS,V27.1XXS
V27.21XA,V27.2XXA
V27.21XD,V27.2XXD
V27.21XS,V27.2XXS
V27.29XA,V27.2XXA
V27.29XD,V27.2XXD
V27.29XS,V27.2XXS
V27.31XA,V27.3XXA
V27.31XD,V27.3XXD
V27.31XS,V27.3XXS
V27.39XA,V27.3XXA
V27.39XD,V27.3XXD
V27.39XS,V27.3XXS
V27.41XA,V27.4XXA
V27.41XD,V27.4XXD
V27.41XS,V27.4XXS
V27.49XA,V27.4XXA
V27.49XD,V27.4XXD
V27.49XS,V27.4XXS
V27.51XA,V27.5XXA
V27.51XD,V27.5XXD
V27.51XS,V27.5XXS
V27.59XA,V27.5XXA
V27.59XD,V27.5XXD
V27.59XS,V27.5XXS
V27.91XA,V27.9XXA
V27.91XD,V27.9XXD
V27.91XS,V27.9XXS
V27.99XA,V27.9XXA
V27.99XD,V27.9XXD
V27.99XS,V27.9XXS
V28.01XA,V28.0XXA
V28.01XD,V28.0XXD
V28.01XS,V28.0XXS
V28.09XA,V28.0XXA
V28.09XD,V28.0XXD
V28.09XS,V28.0XXS
V28.11XA,V28.1XXA
V28.11XD,V28.1XXD
V28.11XS,V28.1XXS
V28.19XA,V28.1XXA
V28.19XD,V28.1XXD
V28.19XS,V28.1XXS
V28.21XA,V28.2XXA
V28.21XD,V28.2XXD
V28.21XS,V28.2XXS
V28.29XA,V28.2XXA
V28.29XD,V28.2XXD
V28.29XS,V28.2XXS
V28.31XA,V28.3XXA
V28.31XD,V28.3XXD
V28.31XS,V28.3XXS
V28.39XA,V28.3XXA
V28.39XD,V28.3XXD
V28.39XS,V28.3XXS
V28.41XA,V28.4XXA
V28.41XD,V28.4XXD
V28.41XS,V28.4XXS
V28.49XA,V28.4XXA
V28.49XD,V28.4XXD
V28.49XS,V28.4XXS
V28.51XA,V28.5XXA
V28.51XD,V28.5XXD
V28.51XS,V28.5XXS
V28.59XA,V28.5XXA
V28.59XD,V28.5XXD
V28.59XS,V28.5XXS
V28.91XA,V28.9XXA
V28.91XD,V28.9XXD
V28.91XS,V28.9XXS
V28.99XA,V28.9XXA
V28.99XD,V28.9XXD
V28.99XS,V28.9XXS
V29.001A,V29.00XA
V29.001D,V29.00XD
V29.001S,V29.00XS
V29.008A,V29.00XA
V29.008D,V29.00XD
V29.008S,V29.00XS
V29.091A,V29.09XA
V29.091D,V29.09XD
V29.091S,V29.09XS
V29.098A,V29.09XA
V29.098D,V29.09XD
V29.098S,V29.09XS
V29.101A,V29.10XA
V29.101D,V29.10XD
V29.101S,V29.10XS
V29.108A,V29.10XA
V29.108D,V29.10XD
V29.108S,V29.10XS
V29.191A,V29.19XA
V29.191D,V29.19XD
V29.191S,V29.19XS
V29.198A,V29.19XA
V29.198D,V29.19XD
V29.198S,V29.19XS
V29.201A,V29.20XA
V29.201D,V29.20XD
V29.201S,V29.20XS
V29.208A,V29.20XA
V29.208D,V29.20XD
V29.208S,V29.20XS
V29.291A,V29.29XA
V29.291D,V29.29XD
V29.291S,V29.29XS
V29.298A,V29.29XA
V29.298D,V29.29XD
V29.298S,V29.29XS
V29.31XA,V29.3XXA
V29.31XD,V29.3XXD
V29.31XS,V29.3XXS
V29.39XA,V29.3XXA
V29.39XD,V29.3XXD
V29.39XS,V29.3XXS
V29.401A,V29.40XA
V29.401D,V29.40XD
V29.401S,V29.40XS
V29.408A,V29.40XA
V29.408D,V29.40XD
V29.408S,V29.40XS
V29.491A,V29.49XA
V29.491D,V29.49XD
V29.491S,V29.49XS
V29.498A,V29.49XA
V29.498D,V29.49XD
V29.498S,V29.49XS
V29.501A,V29.50XA
V29.501D,V29.50XD
V29.501S,V29.50XS
V29.508A,V29.50XA
V29.508D,V29.50XD
V29.508S,V29.50XS
V29.591A,V29.59XA
V29.591D,V29.59XD
V29.591S,V29.59XS
V29.598A,V29.59XA
V29.598D,V29.59XD
V29.598S,V29.59XS
V29.601A,V29.60XA
V29.601D,V29.60XD
V29.601S,V29.60XS
V29.608A,V29.60XA
V29.608D,V29.60XD
V29.608S,V29.60XS
V29.691A,V29.69XA
V29.691D,V29.69XD
V29.691S,V29.69XS
V29.698A,V29.69XA
V29.698D,V29.69XD
V29.698S,V29.69XS
V29.811A,V29.80XA
V29.811D,V29.80XD
V29.811S,V29.80XS
V29.818A,V29.80XA
V29.818D,V29.80XD
V29.818S,V29.80XS
V29.881A,V29.89XA
V29.881D,V29.89XD
V29.881S,V29.89XS
V29.888A,V29.89XA
V29.888D,V29.89XD
V29.888S,V29.89XS
V29.91XA,V29.9XXA
V29.91XD,V29.9XXD
V29.91XS,V29.9XXS
V29.99XA,V29.9XXA
V29.99XD,V29.9XXD
V29.99XS,V29.9XXS
V47.0XXA,"V47.01XA
V47.0XXD,"V47.01XD
V47.0XXS,"V47.01XS
V47.1XXA,"V47.11XA
V47.1XXD,"V47.11XD
V47.1XXS,"V47.11XS
V47.3XXA,"V47.31XA
V47.3XXD,"V47.31XD
V47.3XXS,"V47.31XS
V47.5XXA,"V47.51XA
V47.5XXD,"V47.51XD
V47.5XXS,"V47.51XS
V47.6XXA,"V47.61XA
V47.6XXD,"V47.61XD
V47.6XXS,"V47.61XS
V47.9XXA,"V47.91XA
V47.9XXD,"V47.91XD
V47.9XXS,"V47.91XS
V86.05XA,V86.09XA
V86.05XD,V86.09XD
V86.05XS,V86.09XS
V86.06XA,V86.09XA
V86.06XD,V86.09XD
V86.06XS,V86.09XS
V86.15XA,V86.19XA
V86.15XD,V86.19XD
V86.15XS,V86.19XS
V86.16XA,V86.19XA
V86.16XD,V86.19XD
V86.16XS,V86.19XS
V86.25XA,V86.29XA
V86.25XD,V86.29XD
V86.25XS,V86.29XS
V86.26XA,V86.29XA
V86.26XD,V86.29XD
V86.26XS,V86.29XS
V86.35XA,V86.39XA
V86.35XD,V86.39XD
V86.35XS,V86.39XS
V86.36XA,V86.39XA
V86.36XD,V86.39XD
V86.36XS,V86.39XS
V86.45XA,V86.49XA
V86.45XD,V86.49XD
V86.45XS,V86.49XS
V86.46XA,V86.49XA
V86.46XD,V86.49XD
V86.46XS,V86.49XS
V86.55XA,V86.59XA
V86.55XD,V86.59XD
V86.55XS,V86.59XS
V86.56XA,V86.59XA
V86.56XD,V86.59XD
V86.56XS,V86.59XS
V86.65XA,V86.69XA
V86.65XD,V86.69XD
V86.65XS,V86.69XS
V86.66XA,V86.69XA
V86.66XD,V86.69XD
V86.66XS,V86.69XS
V86.75XA,V86.79XA
V86.75XD,V86.79XD
V86.75XS,V86.79XS
V86.76XA,V86.79XA
V86.76XD,V86.79XD
V86.76XS,V86.79XS
V86.95XA,V86.99XA
V86.95XD,V86.99XD
V86.95XS,V86.99XS
V86.96XA,V86.99XA
V86.96XD,V86.99XD
V86.96XS,V86.99XS
W23.2XXA,W23.0XXA & W23.1XXA
W23.2XXD,W23.0XXD & W23.1XXD
W23.2XXS,W23.0XXS & W23.1XXS
W26.2XXA,W45.1XXA
W26.2XXD,W45.1XXD
W26.2XXS,W45.1XXS
W26.8XXA,W45.2XXA
W26.8XXD,W45.2XXD
W26.8XXS,W45.2XXS
W26.9XXA,W45.8XXA
W26.9XXD,W45.8XXD
W26.9XXS,W45.8XXS
W44.A0XA,Codes in Categories T15-T19
W44.A0XD,Codes in Categories T15-T19
W44.A0XS,Codes in Categories T15-T19
W44.A1XA,Codes in Categories T15-T19
W44.A1XD,Codes in Categories T15-T19
W44.A1XS,Codes in Categories T15-T19
W44.A9XA,Codes in Categories T15-T19
W44.A9XD,Codes in Categories T15-T19
W44.A9XS,Codes in Categories T15-T19
W44.B0XA,Codes in Categories T15-T19
W44.B0XD,Codes in Categories T15-T19
W44.B0XS,Codes in Categories T15-T19
W44.B1XA,Codes in Categories T15-T19
W44.B1XD,Codes in Categories T15-T19
W44.B1XS,Codes in Categories T15-T19
W44.B2XA,Codes in Categories T15-T19
W44.B2XD,Codes in Categories T15-T19
W44.B2XS,Codes in Categories T15-T19
W44.B3XA,Codes in Categories T15-T19
W44.B3XD,Codes in Categories T15-T19
W44.B3XS,Codes in Categories T15-T19
W44.B4XA,Codes in Categories T15-T19
W44.B4XD,Codes in Categories T15-T19
W44.B4XS,Codes in Categories T15-T19
W44.B5XA,Codes in Categories T15-T19
W44.B5XD,Codes in Categories T15-T19
W44.B5XS,Codes in Categories T15-T19
W44.B9XA,Codes in Categories T15-T19
W44.B9XD,Codes in Categories T15-T19
W44.B9XS,Codes in Categories T15-T19
W44.C0XA,Codes in Categories T15-T19
W44.C0XD,Codes in Categories T15-T19
W44.C0XS,Codes in Categories T15-T19
W44.C1XA,Codes in Categories T15-T19
W44.C1XD,Codes in Categories T15-T19
W44.C1XS,Codes in Categories T15-T19
W44.C2XA,Codes in Categories T15-T19
W44.C2XD,Codes in Categories T15-T19
W44.C2XS,Codes in Categories T15-T19
W44.D0XA,Codes in Categories T15-T19
W44.D0XD,Codes in Categories T15-T19
W44.D0XS,Codes in Categories T15-T19
W44.D1XA,Codes in Categories T15-T19
W44.D1XD,Codes in Categories T15-T19
W44.D1XS,Codes in Categories T15-T19
W44.D2XA,Codes in Categories T15-T19
W44.D2XD,Codes in Categories T15-T19
W44.D2XS,Codes in Categories T15-T19
W44.D3XA,Codes in Categories T15-T19
W44.D3XD,Codes in Categories T15-T19
W44.D3XS,Codes in Categories T15-T19
W44.D4XA,Codes in Categories T15-T19
W44.D4XD,Codes in Categories T15-T19
W44.D4XS,Codes in Categories T15-T19
W44.D9XA,Codes in Categories T15-T19
W44.D9XD,Codes in Categories T15-T19
W44.D9XS,Codes in Categories T15-T19
W44.E0XA,Codes in Categories T15-T19
W44.E0XD,Codes in Categories T15-T19
W44.E0XS,Codes in Categories T15-T19
W44.E1XA,Codes in Categories T15-T19
W44.E1XD,Codes in Categories T15-T19
W44.E1XS,Codes in Categories T15-T19
W44.E2XA,Codes in Categories T15-T19
W44.E2XD,Codes in Categories T15-T19
W44.E2XS,Codes in Categories T15-T19
W44.E3XA,Codes in Categories T15-T19
W44.E3XD,Codes in Categories T15-T19
W44.E3XS,Codes in Categories T15-T19
W44.E4XA,Codes in Categories T15-T19
W44.E4XD,Codes in Categories T15-T19
W44.E4XS,Codes in Categories T15-T19
W44.E9XA,Codes in Categories T15-T19
W44.E9XD,Codes in Categories T15-T19
W44.E9XS,Codes in Categories T15-T19
W44.F0XA,Codes in Categories T15-T19
W44.F0XD,Codes in Categories T15-T19
W44.F0XS,Codes in Categories T15-T19
W44.F1XA,Codes in Categories T15-T19
W44.F1XD,Codes in Categories T15-T19
W44.F1XS,Codes in Categories T15-T19
W44.F2XA,Codes in Categories T15-T19
W44.F2XD,Codes in Categories T15-T19
W44.F2XS,Codes in Categories T15-T19
W44.F3XA,Codes in Categories T15-T19
W44.F3XD,Codes in Categories T15-T19
W44.F3XS,Codes in Categories T15-T19
W44.F4XA,Codes in Categories T15-T19
W44.F4XD,Codes in Categories T15-T19
W44.F4XS,Codes in Categories T15-T19
W44.F9XA,Codes in Categories T15-T19
W44.F9XD,Codes in Categories T15-T19
W44.F9XS,Codes in Categories T15-T19
W44.G0XA,Codes in Categories T15-T19
W44.G0XD,Codes in Categories T15-T19
W44.G0XS,Codes in Categories T15-T19
W44.G1XA,Codes in Categories T15-T19
W44.G1XD,Codes in Categories T15-T19
W44.G1XS,Codes in Categories T15-T19
W44.G2XA,Codes in Categories T15-T19
W44.G2XD,Codes in Categories T15-T19
W44.G2XS,Codes in Categories T15-T19
W44.G3XA,Codes in Categories T15-T19
W44.G3XD,Codes in Categories T15-T19
W44.G3XS,Codes in Categories T15-T19
W44.G9XA,Codes in Categories T15-T19
W44.G9XD,Codes in Categories T15-T19
W44.G9XS,Codes in Categories T15-T19
W44.H0XA,Codes in Categories T15-T19
W44.H0XD,Codes in Categories T15-T19
W44.H0XS,Codes in Categories T15-T19
W44.H1XA,Codes in Categories T15-T19
W44.H1XD,Codes in Categories T15-T19
W44.H1XS,Codes in Categories T15-T19
W44.H2XA,Codes in Categories T15-T19
W44.H2XD,Codes in Categories T15-T19
W44.H2XS,Codes in Categories T15-T19
W44.8XXA,Codes in Categories T15-T19
W44.8XXD,Codes in Categories T15-T19
W44.8XXS,Codes in Categories T15-T19
W44.9XXA,Codes in Categories T15-T19
W44.9XXD,Codes in Categories T15-T19
W44.9XXS,Codes in Categories T15-T19
X50.0XXA,Y93.01-Y93.9
X50.0XXD,Y93.01-Y93.9
X50.0XXS,Y93.01-Y93.9
X50.1XXA,Y93.01-Y93.9
X50.1XXD,Y93.01-Y93.9
X50.1XXS,Y93.01-Y93.9
X50.3XXA,Y93.01-Y93.9
X50.3XXD,Y93.01-Y93.9
X50.3XXS,Y93.01-Y93.9
X50.9XXA,Y93.01-Y93.9
X50.9XXD,Y93.01-Y93.9
X50.9XXS,Y93.01-Y93.9
Y07.010,Y07.01
Y07.011,Y07.01
Y07.020,Y07.02
Y07.021,Y07.02
Y07.030,Y07.03
Y07.031,Y07.03
Y07.040,Y07.04
Y07.041,Y07.04
Y07.050,Y07.01-Y07.04
Y07.051,Y07.01-Y07.04
Y07.44,Y07.499
Y07.45,Y07.499
Y07.46,Y07.499
Y07.47,Y07.499
Y07.54,Y07.59
Y07.6,Y07.59
Y35.009A,None
Y35.009D,None
Y35.009S,None
Y35.019A,None
Y35.019D,None
Y35.019S,None
Y35.029A,None
Y35.029D,None
Y35.029S,None
Y35.039A,None
Y35.039D,None
Y35.039S,None
Y35.049A,None
Y35.049D,None
Y35.049S,None
Y35.099A,None
Y35.099D,None
Y35.099S,None
Y35.109A,None
Y35.109D,None
Y35.109S,None
Y35.119A,None
Y35.119D,None
Y35.119S,None
Y35.129A,None
Y35.129D,None
Y35.129S,None
Y35.199A,None
Y35.199D,None
Y35.199S,None
Y35.209A,None
Y35.209D,None
Y35.209S,None
Y35.219A,None
Y35.219D,None
Y35.219S,None
Y35.299A,None
Y35.299D,None
Y35.299S,None
Y35.309A,None
Y35.309D,None
Y35.309S,None
Y35.319A,None
Y35.319D,None
Y35.319S,None
Y35.399A,None
Y35.399D,None
Y35.399S,None
Y35.409A,None
Y35.409D,None
Y35.409S,None
Y35.419A,None
Y35.419D,None
Y35.419S,None
Y35.499A,None
Y35.499D,None
Y35.499S,None
Y35.819A,None
Y35.819D,None
Y35.819S,None
Y35.831A,Y35.891A
Y35.831D,Y35.891D
Y35.831S,Y35.891S
Y35.832A,Y35.892A
Y35.832D,Y35.892D
Y35.832S,Y35.892S
Y35.833A,Y35.893A
Y35.833D,Y35.893D
Y35.833S,Y35.893S
Y35.839A,None
Y35.839D,None
Y35.839S,None
Y35.899A,Y35.99XA
Y35.899D,Y35.99XD
Y35.899S,Y35.99XS
Y35.99XA,None
Y35.99XD,None
Y35.99XS,None
Y77.11,Y77.1
Y77.19,Y77.1
Y93.85,Y93.89
Z01.020,Z01.00
Z01.021,Z01.01
Z02.84,Z02.89
Z03.821,Z03.89
Z03.822,Z03.89
Z03.823,Z03.89
Z03.83,Z03.89
Z04.81,Z04.8
Z04.82,Z04.8
Z04.89,Z04.8
Z05.0,P00.89
Z05.1,P00.2
Z05.2,P00.89
Z05.3,P00.3
Z05.41,P00.89
Z05.42,P00.89
Z05.43,P00.89
Z05.5,"P00.4
Z05.6,P00.1
Z05.71,P00.89
Z05.72,P00.89
Z05.73,P00.89
Z05.8,P00.89
Z05.81,Z05.8
Z05.89,Z05.8
Z05.9,P00.9
Z11.52,Z11.59
Z11.7,Z11.1
Z13.30,Z13.8
Z13.31,Z13.8
Z13.32,Z13.8
Z13.39,Z13.8
Z13.40,Z13.4
Z13.41 ,Z13.4
Z13.42,Z13.4
Z13.49,Z13.4
Z16.13,Z16.19
Z19.1,R97.8
Z19.2,R97.8
Z20.821,Z20.828
Z20.822,Z20.828
Z22.340,Z22.39
Z22.341,Z22.39
Z22.349,Z22.39
Z22.350,Z22.39
Z22.358,Z22.39
Z22.359,Z22.39
Z22.7,R76.11
Z28.310,Z28.3
Z28.311,Z28.3
Z28.39,Z28.3
Z28.83,Z28.89
Z29.11,Z23
Z29.12,Z23
Z29.13,Z23
Z29.14,Z23
Z29.3,Z76.89
Z29.8,Z76.89
Z29.81 ,Z29.8
Z29.89 ,Z29.8
Z29.9,Z76.89
Z30.015,Z30.018
Z30.016,Z30.018
Z30.017,Z30.018
Z30.44,Z30.49
Z30.45,Z30.49
Z30.46,Z30.49
Z31.7,Z31.69
Z33.3,Z33.1
Z36.0,Z36
Z36.1,Z36
Z36.2,Z36
Z36.3,Z36
Z36.4,Z36
Z36.5,Z36
Z36.81,Z36
Z36.82,Z36
Z36.83,Z36
Z36.84,Z36
Z36.85,Z36
Z36.86,Z36
Z36.87,Z36
Z36.88,Z36
Z36.89,Z36
Z36.8A,Z36
Z36.9,Z36
Z40.03,Z40.09
Z51.6,Z76.89
Z53.31,Z53.8
Z53.32,Z53.8
Z53.33,Z53.8
Z53.39,Z53.8
Z55.5,Z55.8
Z55.6,Z55.8
Z58.6,Z59.4
Z58.81,Z59.89
Z58.89,Z59.89
Z59.00,Z59.0
Z59.01,Z59.0
Z59.02,Z59.0
Z59.10,Z59.1
Z59.11,Z59.1
Z59.12,Z59.1
Z59.19,Z59.1
Z59.41,Z59.4
Z59.48,Z59.4
Z59.811,Z59.8
Z59.812,Z59.8
Z59.819,Z59.8
Z59.82,Z59.89
Z59.86,Z59.89
Z59.87,Z59.89
Z59.89,Z59.8
Z62.23,Z62.29
Z62.24,Z62.29
Z62.813,Z62.810
Z62.814,Z62.819
Z62.815,Z62.819
Z62.823,Z62.898
Z62.831,Z62.898
Z62.832,Z62.898
Z62.833,Z62.898
Z62.892,Z62.898
Z71.82,Z71.89
Z71.83,Z31.5
Z71.84,Z71.89
Z71.85,Z71.89
Z71.87,Z71.89
Z71.88,Z71.89
Z72.823,Z72.89
Z79.60,Z79.899
Z79.61,Z79.899
Z79.620,Z79.899
Z79.621,Z79.899
Z79.622,Z79.899
Z79.623,Z79.899
Z79.624,Z79.899
Z79.630,Z79.899
Z79.631,Z79.899
Z79.632,Z79.899
Z79.633,Z79.899
Z79.634,Z79.899
Z79.64,Z79.899
Z79.69,Z79.899
Z79.85,Z79.899
Z79.84,Z79.899
Z83.430,Z83.49
Z83.438,Z83.49
Z83.42,Z83.49
Z83.710,Z83.71
Z83.711,Z83.71
Z83.718,Z83.71
Z83.719,Z83.71
Z84.82,Z84.89
Z86.002,Z86.008
Z86.003,Z86.008
Z86.004,Z86.008
Z86.005,Z86.008
Z86.006,Z86.008
Z86.007,Z86.008
Z86.15,R76.11
Z86.16,Z86.19
Z87.61,Z87.898
Z87.68,Z87.898
Z87.731,Z87.738
Z87.732,Z87.738
Z87.760,Z87.76
Z87.761,Z87.76
Z87.762,Z87.76
Z87.763,Z87.76
Z87.768,Z87.76
Z91.014 ,Z91.018
Z91.110,Z91.11
Z91.118,Z91.11
Z91.119,Z91.11
Z91.141,Z91.14
Z91.148,Z91.14
Z91.151,Z91.15
Z91.158 ,Z91.15
Z91.190,Z91.19
Z91.198,Z91.19
Z91.199,Z91.19
Z91.413,Z91.419
Z91.414,Z91.419
Z91.42,Z91.410
Z91.51,Z91.5
Z91.52,Z91.5
Z91.841,Z91.89
Z91.842,Z91.89
Z91.843,Z91.89
Z91.849,Z91.89
Z91.85,Z91.89
Z91.A10,Z91.19
Z91.A18,Z91.19
Z91.A20,Z91.19
Z91.A28,Z91.19
Z91.A3,Z91.19
Z91.A4,Z91.19
Z91.A41,Z91.A4
Z91.A48 ,Z91.A4
Z91.A51,Z91.A5
Z91.A58,Z91.A5
Z91.A91,Z91.A9
Z91.A98,Z91.A9
Z91.A5,Z91.19
Z91.A9,Z91.19
Z92.84,Z92.89
Z92.850,Z92.89
Z92.858,Z92.89
Z92.859,Z92.89
Z92.86,Z92.89
Z96.82,Z96.89
Z98.890,Z98.89
Z98.891,Z98.89
